0.0000000000
0.0000000000
0.0000000000
0.0000000000
0.0000000000
0.0000000000
0.0000000000
0.0000000000
0.0000000000
0.0000000000
0.0000000000
0.0000000000
0.0000000000
0.0000000000
0.0000000000
0.0000000000
0.0000000000
0.0000000000
0.0000000000
0.0000000000
0.0000000000
0.0000000000
0.0000000000
0.0000000000
0.0000000000
0.0000000000
0.0000000000
0.0000000000
0.0000000000
0.0000000000
0.0000000000
0.0000000000
0.0000000000
0.0000000000
0.0000000000
0.0000000000
0.0000000000
0.0000000000
0.0000000000
0.0000000000
0.0000000000
0.0000000000
0.0000000000
0.0000000000
0.0000000000
0.0000000000
0.0000000000
0.0000000000
0.0000000000
0.0000000000
0.0000000000
0.0000000000
0.0000000000
0.0000000000
0.0000000000
0.0000000000
0.0000000000
0.0000000000
0.0000000000
0.0000000000
0.0000000000
0.0000000000
0.0000000000
0.0000000000
0.0000000000
0.0000000000
0.0000000000
0.0000000000
0.0000000000
0.0000000000
0.0000000000
0.0000000000
0.0000000000
0.0000000000
0.0000000000
0.0000000000
0.0000000000
0.0000000000
0.0000000000
0.0000000000
0.0000000000
0.0000000000
0.0000000000
0.0000000000
0.0000000000
0.0000000000
0.0000000000
0.0000000000
0.0000000000
0.0000000000
0.0000000000
0.0000000000
0.0000000000
0.0000000000
0.0000000000
0.0000000000
0.0000000000
0.0000000000
0.0000000000
0.0000000000
0.0000000000
137.4117898872
109.0045870594
88.0227243387
93.0376267969
129.2749008895
113.7189518066
65.9696900099
43.0116263352
63.5609943283
156.1601741802
248.5678981687
282.0815484926
263.0969403091
218.9611837747
111.7318217877
79.1201617794
109.2245393673
125.0999600320
116.6190378969
67.0522184570
16.1245154966
56.6038867923
69.9714227381
63.6396103068
62.1771662268
86.1626369142
180.8535318981
154.1557653803
35.3553390593
27.4590604355
121.2023102090
137.7679207944
30.3644529014
57.0087712550
61.0737259384
39.4461658466
30.2654919008
23.5372045919
11.4017542510
13.0384048104
77.5241897733
165.0757401922
162.7329100090
72.0694109869
27.8567765544
29.7321374946
29.7321374946
30.5941170816
29.5296461205
25.4558441227
21.9544984001
19.6468827044
24.0000000000
21.2132034356
5.6568542495
7.6157731059
15.6204993518
18.4390889146
17.8885438200
13.9283882772
15.8113883008
13.4164078650
5.8309518948
11.0453610172
13.0384048104
16.1245154966
15.2970585408
14.0000000000
8.0000000000
16.1245154966
31.0161248385
35.0142828000
35.3553390593
48.3735464898
114.6908889145
191.4418971908
206.1552812809
171.2308383440
107.0046727952
47.2652091924
23.0217288664
14.4222051019
10.7703296143
33.3766385366
128.6001555209
215.7452201093
173.2166273774
79.6241169496
46.3249392876
40.0249921924
17.0293863659
5.0990195136
20.2484567313
54.1479454827
205.9951455739
175.1113931188
64.5600495663
73.0616178304
0.0000000000
0.0000000000
87.9659024850
34.9857113691
16.1245154966
39.8246155035
117.0469991072
136.8210510119
85.9069263797
50.6359556047
167.4514855115
232.4908600354
234.2520010587
195.4942454396
137.9275171965
96.3846460802
61.0737259384
7.0710678119
67.4685111737
93.0483745156
123.6931687685
109.4166349327
23.5372045919
43.0116263352
56.4623768540
46.6904701197
65.0691939400
145.6090656518
175.3624817343
82.2192191644
6.0000000000
11.4017542510
60.4152298680
128.8254633215
107.5174404457
31.7804971641
36.0555127546
51.4198405287
61.2045749924
48.1040538832
37.3363094052
101.0445446326
167.8630394101
152.8005235593
71.0633520178
17.4928556845
14.4222051019
21.6333076528
24.0416305603
24.0416305603
28.3196045170
28.1780056072
24.1660919472
24.6981780705
28.6356421266
24.0831891576
11.6619037897
17.4928556845
18.8679622641
14.2126704036
9.4868329805
11.4017542510
19.0262975904
11.0453610172
10.1980390272
15.2315462117
14.4222051019
15.8113883008
11.0453610172
12.6491106407
14.0000000000
20.2484567313
29.1204395571
31.1448230048
29.1547594742
24.6981780705
42.4264068712
103.9422916815
177.2794404323
212.2074456752
196.6977376586
154.5639026422
130.0153837052
129.4681427997
155.9294712362
199.3790360093
221.0701246211
164.7847080284
59.0762219510
26.0000000000
39.8246155035
41.0121933088
40.8166632639
28.6356421266
24.2074368738
39.6988664826
168.3448840922
204.4309174269
131.2097557349
65.1920240520
0.0000000000
0.0000000000
51.2445119013
8.6023252670
23.4093998214
38.4187454246
95.3414914924
133.0037593454
76.6941979553
141.4284271284
215.1882896442
140.8900280361
92.1954445729
66.7083203206
31.1126983722
31.4006369362
51.2249938995
42.0475920833
58.3095189485
64.7765389628
99.8498873309
117.0469991072
56.3027530410
22.8035085020
40.4969134626
67.0671305484
144.0277750991
181.9450466487
115.9741350474
36.4965751818
12.6491106407
25.4950975680
52.6307894678
57.2188780037
82.2192191644
105.5461984157
105.1189802081
95.0473566176
89.0505474436
107.4243920160
139.7855500401
154.7966407904
127.2792206136
53.9073278878
9.4868329805
1.4142135624
10.0000000000
18.3847763109
17.8885438200
15.6204993518
26.0000000000
29.1547594742
24.6981780705
27.4590604355
34.0000000000
31.7804971641
22.3606797750
13.3416640641
6.3245553203
6.0000000000
3.1622776602
9.4868329805
21.5870331449
11.3137084990
15.6204993518
16.1245154966
10.7703296143
12.1655250606
10.7703296143
13.4164078650
18.9736659610
25.2982212813
29.1547594742
29.1547594742
24.0416305603
16.0000000000
11.4017542510
31.7804971641
75.7099729230
135.2035502492
168.2379267585
171.9592975096
173.0722392529
172.7425830535
173.7699628820
156.8948692596
110.5350623106
48.2700735446
12.6491106407
22.6715680975
26.0768096208
10.0000000000
25.4558441227
32.8937684068
31.7804971641
32.5576411922
106.6208234821
171.4059508885
182.8770078495
87.6926450736
0.0000000000
0.0000000000
75.8023746330
31.0161248385
34.9857113691
52.6307894678
100.4987562112
121.6305882581
19.2353840617
206.8912757948
156.2049935181
44.0454310911
33.5261092285
37.3363094052
14.2126704036
19.6468827044
47.5394572960
66.0000000000
75.1797845169
73.7563556583
68.5419579528
88.8144132447
82.0975030071
66.6483308118
130.5526713629
191.0863679073
200.9278477464
128.4133949399
53.2353266168
43.9317652730
37.3630833845
47.5394572960
47.7074417675
22.8035085020
13.0384048104
69.5701085237
123.9677377385
150.0133327408
154.0000000000
142.4429710446
109.0779537762
67.0820393250
59.2283715798
21.6333076528
7.0710678119
8.9442719100
11.6619037897
12.0830459736
15.6204993518
17.4928556845
24.0416305603
25.4950975680
24.2074368738
27.0185121722
34.9857113691
37.1214223865
32.2490309932
21.2132034356
13.4164078650
11.4017542510
7.6157731059
9.8994949366
20.0000000000
17.7200451467
18.8679622641
15.6204993518
11.4017542510
17.2046505341
18.3847763109
15.6204993518
20.5912602820
29.1547594742
34.4383507154
33.0151480384
25.4558441227
15.8113883008
8.0000000000
21.6333076528
36.2215405525
45.4532727095
51.0098029794
37.2021504755
45.0998891351
38.4707681233
16.1245154966
28.2842712475
33.2866339542
17.2626765016
15.8113883008
21.4009345590
16.5529453572
3.1622776602
8.6023252670
14.5602197786
11.4017542510
31.1448230048
64.7765389628
97.1287804927
154.1752249877
142.6884718539
0.0000000000
0.0000000000
124.4829305568
57.2188780037
46.5188133985
62.2253967444
116.9700816448
91.9238815543
118.9621788637
225.3219918250
77.7946013551
35.3553390593
10.0000000000
31.1448230048
34.9284983931
41.9761837236
50.9901951359
65.1152823844
84.0951841665
89.0056178002
63.9061812347
77.8973683766
175.8237754116
213.8457387932
227.9034883454
196.2294575236
127.0983870865
74.0000000000
54.6443043693
54.6443043693
67.3646791724
55.4436651025
25.4950975680
19.2353840617
18.4390889146
58.5491246732
50.0000000000
20.8806130178
24.0000000000
25.4950975680
17.0293863659
25.4950975680
57.7061521850
39.9249295554
3.1622776602
9.0553851381
5.8309518948
4.4721359550
11.3137084990
21.0237960416
22.8473193176
21.6333076528
22.8035085020
24.6981780705
32.8937684068
34.7850542619
29.1547594742
24.2074368738
14.4222051019
8.4852813742
9.4868329805
12.0830459736
17.8885438200
20.3960780544
15.2970585408
10.0000000000
9.8994949366
17.8885438200
16.1245154966
12.7279220614
24.6981780705
34.9857113691
39.4461658466
38.6005181312
34.6698716467
36.1386219992
54.5710545986
89.0505474436
105.0047617968
84.0238061504
51.2640224719
32.2800247831
35.3553390593
49.4772675074
58.5491246732
55.7135531087
58.6003412959
42.3792402008
15.2315462117
16.9705627485
11.4017542510
4.2426406871
3.1622776602
4.4721359550
11.0453610172
29.1547594742
48.7031826475
58.1377674150
94.6678403683
128.1405478371
0.0000000000
0.0000000000
180.6931099959
123.4908903523
100.9752444909
105.9905656179
130.7287267589
25.2982212813
214.0093455903
184.7159982243
13.9283882772
33.1360830516
11.4017542510
21.5406592285
30.0000000000
34.7850542619
37.1214223865
44.9444101085
55.1724568965
59.4138031101
47.5184174821
86.8331733844
251.2886786149
215.8008341040
111.7586685676
60.0166643525
32.6496554346
43.0116263352
49.5782210250
68.6002915446
88.5437744847
59.9332962551
29.5296461205
25.4950975680
18.9736659610
56.0892146495
41.3037528561
18.9736659610
17.7200451467
17.4928556845
17.0880074906
16.9705627485
52.6117857519
54.0370243444
13.0384048104
21.2132034356
11.6619037897
5.6568542495
10.0000000000
20.5912602820
22.8035085020
22.6274169980
24.4131112315
27.2029410175
33.1360830516
30.2654919008
22.1359436212
24.0416305603
17.7200451467
6.3245553203
10.0000000000
15.0332963784
20.0997512422
20.2484567313
13.4164078650
6.3245553203
10.2956301410
15.8113883008
14.5602197786
16.1245154966
32.2490309932
39.1152144312
40.4969134626
44.6542271235
41.2310562562
57.7061521850
89.0056178002
80.3616824115
47.5394572960
31.4006369362
7.6157731059
10.7703296143
20.0000000000
31.1448230048
28.6356421266
39.8246155035
65.8634952003
63.5609943283
33.5261092285
11.0453610172
2.8284271247
7.2111025509
8.0000000000
9.0553851381
9.4868329805
18.6010752377
41.1096095822
55.7135531087
68.6585755751
79.7119815335
0.0000000000
0.0000000000
206.6349438019
180.2498266296
153.0032679390
135.0925608611
98.1835016691
86.0000000000
245.5402207379
121.2023102090
15.2970585408
26.0000000000
17.2626765016
1.4142135624
5.0990195136
13.9283882772
23.7065391823
31.3049516850
29.8328677804
45.0111097397
25.4950975680
92.7038294786
262.5452341978
159.5305613354
27.0185121722
37.7359245282
34.0000000000
25.0599281723
24.0831891576
60.5309838017
80.5232885568
59.3632883186
36.0555127546
26.9072480941
24.1660919472
50.5371150740
13.0384048104
23.1948270095
33.3766385366
41.1096095822
42.4499705536
37.4432904537
56.0357029045
61.0737259384
21.0237960416
22.6715680975
22.6715680975
16.1245154966
15.2315462117
15.6204993518
12.1655250606
13.9283882772
22.8473193176
33.7342555869
35.1283361405
27.1661554144
21.2132034356
24.0831891576
16.4924225025
7.0710678119
10.7703296143
17.0880074906
20.0000000000
21.2602916255
15.5563491861
12.1655250606
18.6010752377
17.0293863659
14.4222051019
22.8473193176
35.4682957019
35.4682957019
32.2800247831
34.0000000000
42.4264068712
79.6115569500
71.4002801115
27.4590604355
47.4130783645
31.2409987036
8.9442719100
12.6491106407
22.3606797750
25.4950975680
15.8113883008
13.9283882772
53.6656314600
72.8971878744
55.9464029228
18.8679622641
8.9442719100
10.7703296143
11.4017542510
12.0000000000
5.8309518948
15.2970585408
33.7342555869
48.1663783152
53.3666562565
51.4781507049
0.0000000000
0.0000000000
146.3488981851
146.0136979876
136.7186892857
111.0045044131
62.3698645181
148.6606874732
234.0769104376
94.2019108086
12.7279220614
16.4924225025
20.2484567313
10.1980390272
10.0000000000
18.1107702763
23.0217288664
28.0713376952
20.3960780544
39.8497176903
43.6806593357
124.4588285338
252.3529274647
109.5536398300
40.4969134626
29.6984848098
29.1547594742
22.3606797750
23.0217288664
52.9528091795
61.0737259384
44.9444101085
34.0000000000
24.0416305603
31.4006369362
21.5406592285
40.0000000000
60.1664358260
61.2045749924
54.0370243444
50.6951674225
64.8999229584
70.8801805867
68.2641926635
29.4278779391
18.4390889146
22.8035085020
24.7386337537
25.4950975680
24.0416305603
18.4390889146
13.0384048104
20.2484567313
33.1360830516
34.0587727319
28.0713376952
25.1793566240
24.7386337537
11.4017542510
3.1622776602
6.3245553203
10.1980390272
3.1622776602
17.0880074906
14.2126704036
16.1245154966
23.0217288664
17.7200451467
14.4222051019
23.4093998214
32.2490309932
32.0624390838
23.1948270095
26.0768096208
71.0633520178
101.2027667606
17.2046505341
61.6116872030
52.0000000000
28.4253408071
23.0217288664
24.2074368738
28.6356421266
27.4590604355
18.0000000000
6.0000000000
34.2052627530
71.0211236183
76.1577310586
36.7967389859
18.9736659610
19.6468827044
17.0293863659
10.2956301410
23.5372045919
28.3196045170
32.5576411922
39.3192065027
44.2718872424
38.6264158317
0.0000000000
0.0000000000
84.8763806957
79.2590688817
83.9523674473
80.3243425121
79.8122797569
168.8608894919
241.6650574659
118.0677771452
31.4006369362
14.0000000000
14.1421356237
7.6157731059
13.0384048104
17.7200451467
17.2626765016
27.8567765544
21.2602916255
34.0587727319
56.3560112144
174.0114938732
255.4094751571
72.2357252334
46.3896540190
20.8806130178
24.1660919472
17.2626765016
23.0217288664
46.0434577329
47.2652091924
38.6005181312
32.8024389337
32.9848450049
18.4390889146
32.5269119346
77.7946013551
69.5701085237
60.1664358260
45.6070170040
42.5205832509
66.7083203206
76.1183289359
84.0951841665
41.7612260356
21.9544984001
21.9544984001
17.0880074906
14.5602197786
16.5529453572
16.0000000000
17.7200451467
24.0416305603
29.9666481275
32.2800247831
32.2800247831
31.0161248385
25.4950975680
11.4017542510
9.4868329805
11.6619037897
14.4222051019
5.6568542495
11.0453610172
9.8994949366
17.0293863659
19.8494332413
15.2970585408
13.3416640641
17.0880074906
28.0000000000
31.1448230048
17.7200451467
21.0237960416
91.2688336728
86.5794432877
42.3792402008
67.4240313242
46.0651712251
21.6333076528
11.0453610172
21.2602916255
34.4383507154
36.1386219992
25.0199920064
10.0000000000
18.4390889146
50.1198563446
78.2943165243
52.6307894678
26.6833281283
30.3644529014
27.8926513620
23.3238075794
35.0142828000
29.8328677804
22.6274169980
23.4093998214
26.4196896272
24.0416305603
0.0000000000
0.0000000000
66.0302960769
52.4785670536
50.0000000000
61.7737808459
80.4487414445
157.8670326572
261.0478883270
163.7681287675
47.2016948848
22.6715680975
11.6619037897
10.7703296143
8.0000000000
12.8062484749
20.5912602820
31.4006369362
36.8781778292
47.5394572960
79.1201617794
231.0887275485
244.4626760878
42.4499705536
41.7612260356
36.3593179254
26.5706605112
12.0830459736
27.4590604355
48.0000000000
35.1283361405
32.6496554346
44.3846820423
33.0151480384
32.5576411922
61.4003257320
71.6937933157
37.7359245282
39.1152144312
61.7413961617
146.0547842421
184.1140950606
131.0267148333
93.8616002421
42.3792402008
13.4164078650
20.0000000000
17.2046505341
11.4017542510
11.4017542510
9.0553851381
11.6619037897
17.4928556845
26.5706605112
32.8937684068
35.4682957019
31.7804971641
21.0237960416
9.8994949366
10.0000000000
13.0384048104
17.8885438200
8.6023252670
5.0990195136
6.0000000000
15.8113883008
15.2315462117
7.0710678119
7.0710678119
13.0384048104
23.1948270095
28.0713376952
18.1107702763
33.7342555869
90.5538513814
52.6117857519
33.9705755029
38.0788655293
29.0172362571
16.4924225025
5.0990195136
12.6491106407
29.0172362571
39.3192065027
29.8328677804
12.0830459736
8.2462112512
32.9848450049
64.3272881443
48.8466989673
24.0416305603
29.5296461205
30.4630924235
41.8807831827
44.9221548904
35.3553390593
25.0199920064
11.6619037897
14.2126704036
10.2956301410
0.0000000000
0.0000000000
58.0000000000
53.6656314600
52.9528091795
60.4152298680
67.0074622710
115.6027681329
244.7733645640
226.1017470078
101.2126474310
38.0788655293
5.0990195136
8.9442719100
12.1655250606
24.3310501212
31.7804971641
34.9284983931
33.0151480384
35.8050275799
143.1362986807
285.5766096864
188.6001060445
14.5602197786
13.9283882772
32.5576411922
49.3963561409
45.6070170040
50.7740090991
68.4105255059
48.4148737476
34.9284983931
34.9857113691
45.5411901469
53.1413210223
52.9528091795
50.6359556047
25.4950975680
51.4781507049
102.1763181956
239.1526709029
360.8462276372
401.7959681231
207.5475849052
58.0344725142
21.0237960416
17.0293863659
19.2353840617
17.0293863659
10.1980390272
5.0990195136
5.8309518948
14.1421356237
27.1661554144
33.3766385366
35.6931365951
27.8926513620
15.8113883008
10.2956301410
7.6157731059
11.3137084990
19.2353840617
12.7279220614
4.4721359550
7.6157731059
14.7648230602
11.6619037897
5.8309518948
8.4852813742
15.5563491861
20.5912602820
27.2029410175
30.8868904230
66.2872536767
110.1362792181
80.2620707433
77.1621668954
77.2528316633
72.2357252334
60.4152298680
36.1386219992
20.8806130178
30.5286750449
33.5261092285
24.0000000000
18.0000000000
7.0710678119
35.3553390593
60.0000000000
37.3363094052
12.8062484749
17.4928556845
14.2126704036
39.8497176903
52.9528091795
41.1096095822
26.0768096208
16.0000000000
10.0000000000
11.4017542510
0.0000000000
0.0000000000
32.8024389337
39.3954312072
45.2769256907
54.1294744109
67.6756972628
71.0211236183
169.4520581167
266.8107943843
200.2048950451
85.1469318296
28.6356421266
13.0384048104
12.1655250606
12.6491106407
8.6023252670
17.7200451467
8.6023252670
61.6116872030
219.1255347968
274.8708787777
115.7410903698
4.0000000000
5.0990195136
10.1980390272
27.4590604355
33.6154726279
41.4004830890
64.6374504448
52.4785670536
26.0768096208
48.8466989673
51.9230199430
41.0121933088
39.1152144312
51.8652099196
58.8217646794
68.0147042925
127.2006289293
355.5980877339
165.4690303350
480.0000000000
524.0629733152
339.0132740764
97.6729235766
18.1107702763
23.0217288664
12.6491106407
11.4017542510
9.0553851381
7.6157731059
12.6491106407
25.0199920064
33.3766385366
36.4965751818
26.6833281283
15.8113883008
11.4017542510
4.4721359550
9.4868329805
16.4924225025
13.4164078650
14.2126704036
18.6010752377
18.4390889146
10.2956301410
5.8309518948
9.4868329805
14.5602197786
26.4196896272
48.2700735446
72.3463889907
107.4895343743
127.9140336320
89.9444272871
80.9567785920
81.1541742611
84.2021377401
98.7623410010
96.7677632272
65.9696900099
39.3954312072
32.5269119346
22.6274169980
21.0237960416
13.0384048104
42.0475920833
65.9696900099
36.1386219992
5.8309518948
11.4017542510
11.6619037897
33.1360830516
53.0848377599
44.4072066223
26.3058928759
21.0237960416
2.0000000000
3.1622776602
0.0000000000
0.0000000000
7.0710678119
15.2970585408
24.0000000000
35.7770876400
76.5506368360
66.5281895139
86.3712915268
214.3735058257
247.1315439194
154.2530388680
78.7146746166
40.8166632639
27.0185121722
18.4390889146
22.8473193176
44.0454310911
73.4302390027
157.2068700789
239.4535445551
187.5153327064
82.3771813065
20.3960780544
16.1245154966
8.2462112512
14.5602197786
22.6715680975
36.8781778292
54.5893762558
57.5847201956
39.8497176903
36.0555127546
41.5932686862
41.6173040934
50.5964425627
60.4152298680
72.4430811051
70.2281994643
89.9444272871
394.3120591613
313.7387448180
120.2164714172
392.7594683773
552.2680508594
472.3071034825
227.9824554653
35.6089876295
23.4093998214
16.1245154966
10.1980390272
10.1980390272
11.3137084990
17.0293863659
29.8328677804
36.6878726557
28.6356421266
19.8494332413
18.6010752377
16.4924225025
16.1245154966
18.6010752377
21.4009345590
24.2074368738
26.4196896272
22.1359436212
15.0332963784
7.6157731059
113.5693620657
198.7611632085
164.9242250247
85.9069263797
86.3712915268
76.5506368360
88.8144132447
41.0121933088
22.3606797750
29.1547594742
32.5576411922
58.1377674150
89.1964124839
94.0212741883
52.6307894678
32.2490309932
25.4950975680
21.6333076528
25.4950975680
43.9089968002
77.7817459305
35.3553390593
12.0830459736
10.7703296143
12.6491106407
29.1547594742
51.0881590978
45.0111097397
28.0000000000
19.2353840617
11.6619037897
13.9283882772
0.0000000000
0.0000000000
13.4164078650
10.1980390272
8.6023252670
15.8113883008
57.6888204074
68.2641926635
58.5491246732
129.2594290565
185.9247159471
194.4890742433
150.6320019119
102.0000000000
77.4725757930
70.2566722810
87.3613186714
115.0391237797
159.5117550527
211.4000946074
178.7512237720
86.6487160897
74.5251635355
49.2544414241
8.6023252670
13.0384048104
29.9666481275
41.0365690574
59.4642749893
69.4262198308
45.2769256907
14.4222051019
44.9221548904
68.9637585983
83.4865258590
89.6771988858
84.0119039184
74.1080292546
58.0344725142
65.0691939400
319.3399442600
420.5948168963
99.0858213873
67.3646791724
218.0366941595
462.0584378626
536.8388957592
376.2685211388
138.2244551445
8.4852813742
18.4390889146
3.1622776602
7.6157731059
12.6491106407
24.0831891576
30.2654919008
25.0599281723
21.4009345590
21.5406592285
22.3606797750
17.0293863659
14.2126704036
22.1359436212
21.0237960416
17.2046505341
13.4164078650
13.0384048104
23.0217288664
382.7923719198
430.7319351987
400.1324780620
103.1212878120
42.9418211072
30.8868904230
80.6225774830
62.3698645181
29.0172362571
4.4721359550
26.5706605112
34.9284983931
43.6806593357
76.6941979553
72.1110255093
40.0000000000
31.0161248385
31.0483493925
12.6491106407
61.4654374425
84.3089556334
19.2353840617
19.8494332413
20.0000000000
24.0416305603
33.5261092285
56.0357029045
47.0956473573
26.0768096208
13.3416640641
14.4222051019
11.6619037897
0.0000000000
0.0000000000
24.4131112315
23.3238075794
11.6619037897
5.0990195136
28.0713376952
68.4689710745
98.9949493661
91.2140340079
74.6324326282
130.1383878800
161.6972479667
164.5600194458
164.3471934655
166.0000000000
167.8868666692
166.9730517179
183.3303030053
171.4059508885
88.2383136738
31.4006369362
69.0072459963
62.0000000000
2.8284271247
29.5296461205
50.2195181180
66.4830805544
89.2748564827
87.8179936004
54.5893762558
32.2490309932
15.6204993518
40.7921561087
77.6659513558
99.2471662064
98.7623410010
75.2861208989
58.2408791142
70.2139587262
234.6103152037
476.2394355784
180.9419796509
54.6443043693
46.3896540190
76.5375724726
296.5029510814
498.4014446207
489.8346659844
278.1726082849
68.6002915446
6.3245553203
3.1622776602
15.2970585408
21.0237960416
22.8035085020
19.8494332413
20.2484567313
21.2132034356
25.1793566240
24.0416305603
15.2970585408
18.9736659610
19.0262975904
12.1655250606
11.0453610172
16.4924225025
117.2006825919
621.9276485251
340.5436829542
521.3079703975
169.3871305619
11.3137084990
29.0172362571
70.7248188403
75.6042326857
50.9313263130
32.2490309932
38.6005181312
45.6946386352
46.0434577329
65.2993108693
83.2346081867
58.6685605755
24.0831891576
4.2426406871
51.0881590978
96.8297474953
61.0737259384
10.2956301410
24.0416305603
9.0553851381
22.8473193176
41.1096095822
60.0333240792
49.0917508345
30.3644529014
14.4222051019
20.3960780544
5.8309518948
0.0000000000
0.0000000000
27.0185121722
27.7848879789
18.4390889146
17.7200451467
16.9705627485
59.4138031101
129.1897828777
94.9210198007
46.6690475583
44.3846820423
59.4642749893
98.0306074652
130.1153334546
139.0035970758
130.6981254648
129.2439553712
137.7679207944
97.6217188949
35.6931365951
18.9736659610
61.6603600379
60.0000000000
14.2126704036
50.7740090991
74.0270220933
101.8331969448
130.5986217385
117.6520293068
105.6882207249
101.0742301479
86.0348766489
69.3108938047
58.1377674150
42.5440947724
68.9637585983
70.0000000000
53.7587202229
51.6139516023
133.4541119636
473.0877297077
290.3032896817
59.0592922409
39.4461658466
65.0076918526
50.9901951359
123.2396040240
374.9266594949
511.1496845348
407.2075637804
180.0055554698
31.3049516850
11.4017542510
17.7200451467
18.8679622641
17.0293863659
17.8885438200
20.0997512422
22.0907220344
23.7065391823
17.0880074906
12.8062484749
15.0332963784
9.4868329805
14.5602197786
13.0384048104
313.5506338696
665.9804801944
132.4009063413
538.6965750773
264.7413832403
18.4390889146
31.3049516850
50.2195181180
69.3541635376
75.4718490565
66.4078308635
49.8196748283
48.2700735446
54.3323108288
63.8905313799
77.8331548892
72.8971878744
37.3363094052
68.9637585983
94.0212741883
65.4369925959
11.0453610172
23.3238075794
20.2484567313
2.8284271247
25.2982212813
47.0744091838
55.2268050859
51.0098029794
38.4707681233
10.2956301410
30.2654919008
5.0990195136
0.0000000000
0.0000000000
28.6356421266
24.6981780705
21.0237960416
23.4093998214
20.0997512422
38.8329756779
130.5526713629
116.8417733518
46.6904701197
33.9411254970
15.2970585408
18.6010752377
53.8516480713
78.1024967591
89.4427191000
93.0376267969
82.0365772080
36.8781778292
11.4017542510
2.8284271247
54.1479454827
50.6951674225
32.6496554346
68.2641926635
97.9081201944
130.8739851919
142.8425706854
110.0545319376
118.9033220730
132.8156617271
128.1561547488
124.4829305568
114.2365965880
58.8727441181
21.6333076528
53.0094331228
38.4707681233
21.5406592285
58.4123274660
416.9244535884
377.6691673939
47.0106370942
60.2162768693
46.8401537145
53.7587202229
75.2861208989
28.3196045170
206.4558064090
435.6328729561
485.3720222675
316.1834910301
104.7377677822
17.8885438200
4.0000000000
14.1421356237
12.0830459736
10.1980390272
7.2111025509
12.0830459736
11.4017542510
8.6023252670
9.4868329805
11.4017542510
8.0000000000
100.8959860450
507.6731231807
519.2706423437
43.5660418216
474.8262840240
345.4851661070
31.3049516850
17.0293863659
18.8679622641
48.8262224629
79.6115569500
91.7060521449
78.4474346298
49.4974746831
15.2970585408
20.3960780544
68.4689710745
105.6219674121
90.9065454189
75.4320886626
42.4264068712
12.6491106407
30.0000000000
20.5912602820
8.2462112512
10.0000000000
28.4604989415
43.5660418216
46.0000000000
53.0848377599
41.1096095822
5.6568542495
30.0000000000
11.4017542510
0.0000000000
0.0000000000
37.2021504755
26.8700576851
18.9736659610
22.3606797750
28.6356421266
35.6089876295
102.0784012414
118.0677771452
67.0820393250
39.6232255123
25.2982212813
53.9073278878
71.4002801115
71.3862731903
63.6396103068
40.7185461430
23.5372045919
16.1245154966
28.3196045170
20.8806130178
56.5154846038
38.0788655293
41.0365690574
66.2117814290
101.9215384499
132.8156617271
127.4754878398
99.8599018626
116.8417733518
130.9732797177
128.4133949399
142.2743827961
144.5337330868
98.3869910100
18.3847763109
31.3049516850
31.1126983722
16.9705627485
18.4390889146
334.7416914578
432.2082831228
59.0592922409
79.3095202356
40.7921561087
40.1995024845
49.4974746831
75.2728370662
76.1577310586
54.2033209315
300.4663042672
493.9169970754
438.9533004774
195.7804893241
25.0599281723
9.4868329805
4.4721359550
4.4721359550
8.4852813742
8.9442719100
4.4721359550
9.4868329805
10.0000000000
21.6333076528
26.0000000000
285.0017543806
571.9737756226
267.5406511168
60.9261848469
390.7556781417
414.1521459560
54.1479454827
9.4868329805
3.1622776602
25.0599281723
65.8027355054
87.2811548961
85.4400374532
81.4002456999
76.4852927039
74.9533188058
83.7376856618
98.0612053771
59.0931468108
72.2772439984
104.0768946501
112.6410227226
93.7443331621
58.3095189485
21.4009345590
13.0384048104
25.0199920064
37.3363094052
43.5660418216
55.2268050859
41.1096095822
5.0990195136
25.0199920064
13.3416640641
0.0000000000
0.0000000000
48.0832611207
36.7695526217
18.6010752377
18.4390889146
26.9072480941
26.4196896272
72.4430811051
105.2330746486
53.8516480713
46.5188133985
51.2445119013
69.3541635376
63.8905313799
23.1948270095
11.0453610172
17.7200451467
26.3058928759
30.2654919008
34.4093010682
25.6124969497
59.2114853723
20.0000000000
38.2099463491
49.3355855342
100.0799680256
145.4166427889
143.1362986807
119.3314711214
105.3850084215
129.0968628589
154.7384890711
190.5360858210
203.4944716694
152.6892268629
55.0090901579
12.0000000000
24.7386337537
21.5870331449
14.7648230602
243.2981709755
449.2705198430
115.6633044660
98.0815986819
45.8911756223
50.6359556047
55.0817574157
58.0517010948
67.0671305484
91.2359578237
50.4777178565
162.9355700883
415.8172675587
413.1755075026
243.7908940055
80.6597793203
8.9442719100
3.1622776602
8.0000000000
5.0990195136
7.6157731059
8.9442719100
20.0000000000
24.0416305603
108.9770618066
467.3863498221
452.7692569069
50.1597448159
34.0587727319
303.8157336281
461.8073191278
111.5706054479
23.5372045919
5.8309518948
17.2626765016
57.4282160614
70.2139587262
63.6553218514
75.6439025963
73.3757453114
35.3553390593
35.7770876400
105.1189802081
129.8768647604
137.0912105133
137.8187215149
130.0153837052
127.2006289293
123.0040649735
94.3398113206
52.6307894678
32.5269119346
40.2243707222
52.5547333739
57.7234787586
44.2718872424
14.2126704036
21.0237960416
15.2970585408
0.0000000000
0.0000000000
50.9901951359
46.0434577329
26.0768096208
15.2315462117
27.8926513620
19.7989898732
46.1735855225
93.3916484489
52.4785670536
24.7386337537
29.4278779391
53.8516480713
35.4682957019
20.2484567313
30.0000000000
21.0237960416
24.7386337537
36.0555127546
24.0000000000
44.7213595500
46.6904701197
17.4928556845
35.3836120259
54.6443043693
101.2422836566
141.1523999088
149.0301982821
104.7377677822
34.4383507154
37.0135110466
109.4805918873
183.9184601936
252.0515820224
237.0232056150
111.2205017072
30.0000000000
24.0416305603
17.7200451467
14.1421356237
161.6230181626
431.5669125408
170.4699386989
107.7032961427
50.6951674225
56.0892146495
55.2268050859
56.0892146495
56.9209978830
58.6685605755
92.3146792228
91.7823512447
208.0817147180
195.3048898517
347.9367758660
358.7450348088
150.5722417977
13.0384048104
6.3245553203
7.6157731059
8.2462112512
11.0453610172
18.9736659610
27.2029410175
276.8862582361
517.7509053589
224.3211982850
39.8246155035
50.6951674225
210.2379604163
479.3349559546
193.8298222669
25.1793566240
3.1622776602
17.0293863659
46.3896540190
57.0087712550
35.6089876295
34.0000000000
65.1920240520
92.0217365626
83.5463942968
78.5493475466
61.4654374425
44.0454310911
38.6005181312
38.0000000000
63.2455532034
106.1037228376
138.7083270752
128.7012043456
79.8122797569
49.8196748283
60.7453701939
58.8217646794
43.9089968002
30.0000000000
17.2046505341
21.0237960416
0.0000000000
0.0000000000
55.3172667438
57.3061951276
37.5765884561
10.0000000000
29.0172362571
19.0262975904
22.3606797750
72.3463889907
86.3712915268
42.4499705536
8.6023252670
43.2897216438
17.0293863659
30.5941170816
28.4604989415
19.8494332413
28.8444102037
18.1107702763
41.1096095822
61.7737808459
17.4928556845
23.7065391823
48.8262224629
79.5110055275
79.6492310070
95.3519795285
137.0109484676
142.3024947076
126.5701386584
89.3756118860
22.1359436212
67.0074622710
167.3559081718
240.3081355260
163.9329131078
65.1459898996
42.1900462195
32.9848450049
31.6227766017
102.3132444994
391.8469088815
198.4036289991
102.5280449438
48.2700735446
44.9221548904
44.1814440687
48.3735464898
56.9209978830
62.4339651152
80.0000000000
100.4987562112
210.8743701828
96.5401470892
85.9069263797
356.9677856614
415.4226763190
192.5201288177
24.4131112315
6.0000000000
4.4721359550
17.0293863659
11.3137084990
118.5326959113
457.2001749781
393.7765864040
39.8497176903
24.7386337537
54.9181208710
117.3882447266
464.4136087584
282.8780656042
20.0000000000
6.3245553203
10.1980390272
33.6154726279
54.5893762558
40.7185461430
78.5493475466
128.8099375048
86.6833317311
21.6333076528
45.5411901469
36.0555127546
15.0332963784
14.7648230602
9.4868329805
22.3606797750
54.0370243444
104.0000000000
146.3488981851
131.0343466424
72.8971878744
59.4810894319
55.9464029228
48.6004115209
48.3321838944
36.4965751818
39.1152144312
0.0000000000
0.0000000000
53.8516480713
63.9061812347
44.9444101085
8.2462112512
21.5870331449
22.8035085020
18.9736659610
36.7151195014
77.7946013551
83.4865258590
34.7850542619
27.0185121722
23.4093998214
25.8069758011
19.6468827044
22.6274169980
29.1547594742
53.6656314600
73.5391052434
38.4187454246
6.0000000000
34.1760149813
80.0624756050
74.4043009510
24.6981780705
55.1724568965
108.1665382639
135.2035502492
147.4109900923
140.7195793058
121.4989711891
130.0000000000
113.7013632284
147.0918080656
174.7340836815
97.9081201944
56.3205113613
51.0881590978
50.6359556047
69.3541635376
343.1180554853
202.4104740373
100.3194896319
56.6392090340
46.1735855225
45.2769256907
47.0106370942
51.2445119013
60.9590026165
76.5767588763
135.6244815658
185.1539899651
86.0232526704
159.4114174079
32.8937684068
334.9507426473
432.9364849490
184.9107893012
9.4868329805
7.0710678119
11.0453610172
34.2052627530
322.6670110191
494.6190453268
177.0988424581
23.0217288664
20.0000000000
43.8634243989
33.1058907145
415.4274906647
366.5214864097
26.4196896272
8.6023252670
3.1622776602
17.0293863659
46.0434577329
76.2364742102
138.5135372446
111.3642671596
9.8994949366
48.7647413609
49.1934955050
25.4950975680
7.2111025509
22.0907220344
17.8885438200
26.8328157300
39.8246155035
49.4974746831
112.1605991425
158.3540337345
113.2166065558
60.4152298680
50.9313263130
49.7393204618
46.0651712251
40.7185461430
54.2033209315
0.0000000000
0.0000000000
49.0306026885
63.1506136154
46.1735855225
16.1245154966
8.4852813742
21.2602916255
15.8113883008
11.4017542510
34.7850542619
65.0538238692
74.0945342114
58.0344725142
44.0454310911
51.0098029794
70.0000000000
87.2811548961
92.0869154658
77.8845299145
48.0208288142
12.0000000000
13.0384048104
58.1893461039
94.3398113206
39.8246155035
7.0710678119
21.0237960416
55.6596802003
95.6033472217
132.9661611088
133.4541119636
118.6086000255
89.0505474436
35.7770876400
58.6003412959
151.4001321003
131.5294643797
65.1920240520
48.0416485979
50.3587132481
56.8506816142
293.2064119353
185.8278773489
99.5389371050
55.1724568965
37.9473319220
34.5253530033
33.0151480384
34.9284983931
55.9464029228
52.1536192416
160.6549096667
117.3882447266
84.5931439302
107.0046727952
112.7208942477
41.1096095822
380.5259518088
393.5708322526
85.0881895447
22.1359436212
4.4721359550
183.6191711124
480.2103705669
321.1105728561
18.8679622641
34.5253530033
26.9072480941
37.0135110466
41.3037528561
335.4310659435
439.8295124250
74.8465096047
13.3416640641
12.0830459736
14.0000000000
39.8497176903
127.2792206136
154.2595215862
50.0000000000
44.6542271235
50.9901951359
32.6496554346
14.1421356237
9.4868329805
28.6356421266
25.0599281723
29.1547594742
44.2718872424
24.6981780705
75.4718490565
156.2625994920
142.4429710446
60.0832755432
31.7804971641
29.7321374946
21.2602916255
35.4400902933
70.4556598152
0.0000000000
0.0000000000
51.0881590978
58.0344725142
43.2897216438
21.5870331449
4.4721359550
11.4017542510
15.2970585408
17.7200451467
15.0332963784
20.2484567313
47.8539444560
75.0599760192
90.0888450364
95.4253635047
93.2630687893
83.2946576918
67.1863081290
42.4264068712
24.0000000000
20.2484567313
28.2842712475
80.8084154033
74.9666592560
15.8113883008
11.6619037897
14.1421356237
2.8284271247
43.0813184571
83.0060238778
83.4505841801
54.2033209315
29.4278779391
45.3431361950
66.2721661031
132.8533025559
182.8496650257
173.0028901493
160.1124604770
134.1640786500
91.2688336728
244.8060456770
151.0827587781
95.6033472217
42.1900462195
17.8885438200
16.5529453572
18.0000000000
24.2074368738
56.9209978830
52.3259018078
155.2610704588
24.1660919472
105.0047617968
89.5544527090
76.6550715869
82.3893196962
177.7751388693
451.9203469639
206.8284313145
23.7065391823
99.0454441153
403.2914578813
419.1539096800
91.3892772704
36.1386219992
29.7321374946
26.0768096208
29.1204395571
85.2877482409
243.2981709755
486.3990131569
145.0655024463
16.1245154966
29.7321374946
25.9615099715
60.4152298680
159.3800489396
124.0000000000
33.7342555869
47.7074417675
35.6089876295
25.4950975680
12.0830459736
15.0332963784
34.9284983931
31.3049516850
23.3238075794
36.0555127546
22.0907220344
45.5411901469
149.4054885203
160.0000000000
61.4003257320
28.2842712475
25.1793566240
17.2626765016
33.7342555869
74.0945342114
0.0000000000
0.0000000000
57.7061521850
56.0892146495
39.6232255123
18.0000000000
9.4868329805
21.4009345590
24.2074368738
21.2132034356
11.4017542510
5.8309518948
11.0453610172
14.7648230602
21.4009345590
28.1780056072
24.0000000000
24.0416305603
30.2324329157
27.2029410175
24.0416305603
25.0599281723
54.5893762558
94.7628619239
48.3735464898
8.9442719100
9.0553851381
10.2956301410
4.4721359550
38.9101529167
76.9415362467
100.7670581093
96.3846460802
87.8179936004
84.8763806957
79.0569415042
101.6366075782
160.0124995118
196.8603565983
201.8960128383
195.7600572129
161.0465771136
173.1415605798
107.2287274941
83.1985576798
36.6878726557
21.9544984001
25.2982212813
21.0237960416
26.0000000000
43.6577599059
90.6972987470
104.0000000000
57.2712842531
108.2404730219
92.6606712689
63.0079360081
55.7853027239
84.0119039184
424.6151198438
285.9265639985
96.5401470892
348.7262536718
455.6007023700
187.7711372922
11.4017542510
14.5602197786
25.9615099715
27.2029410175
32.2800247831
95.2575456329
159.6245595139
504.6047958551
225.9778750232
34.1760149813
60.8769250209
53.1601354400
93.2308961665
178.5721142844
114.0175425099
33.0151480384
23.0217288664
20.0000000000
21.2602916255
14.1421356237
24.6981780705
38.4707681233
29.8328677804
17.8885438200
29.1547594742
27.4590604355
42.5440947724
157.5436447465
162.1172415260
51.0881590978
27.4590604355
18.9736659610
21.4009345590
24.2074368738
67.0522184570
0.0000000000
0.0000000000
60.7453701939
53.1601354400
32.9848450049
10.0000000000
13.0384048104
21.6333076528
21.2132034356
21.4009345590
20.8806130178
24.0831891576
29.9666481275
33.0151480384
31.1126983722
24.0416305603
15.2970585408
16.1245154966
18.1107702763
15.2315462117
10.2956301410
11.4017542510
69.4262198308
101.8331969448
35.7770876400
15.8113883008
38.1837661841
89.1852005660
161.4001239157
229.6127174178
268.8122021040
263.1045419600
187.0026737777
81.0431983574
31.0161248385
32.5269119346
27.0185121722
21.9544984001
20.0000000000
26.8328157300
38.0788655293
68.6002915446
45.0998891351
100.4987562112
55.4436651025
43.6806593357
25.4558441227
20.2484567313
15.8113883008
41.0121933088
15.2970585408
111.0855526160
24.6981780705
102.9563014099
102.5768004960
86.4522989862
53.9073278878
48.2700735446
85.1586754242
406.0443325550
242.9855962809
368.1222622988
454.0704791109
238.5330165826
31.3049516850
15.6204993518
36.8781778292
38.2099463491
35.3836120259
35.8050275799
79.1580697087
82.4621125124
498.3031206003
337.9230681679
46.3249392876
78.4091831357
65.7875368136
100.4191216851
193.8298222669
139.5564401954
36.0555127546
13.0384048104
15.2315462117
19.6468827044
9.0553851381
27.4590604355
40.8166632639
37.2021504755
26.0768096208
24.1660919472
24.0416305603
45.6508488421
157.0350279396
144.0555448430
38.6005181312
32.6496554346
21.2132034356
31.4006369362
30.0000000000
70.8378429937
0.0000000000
0.0000000000
50.6951674225
43.1045241245
26.3058928759
8.9442719100
14.1421356237
22.3606797750
18.3847763109
18.8679622641
18.6010752377
21.2132034356
27.8567765544
34.0587727319
35.4682957019
28.4253408071
18.1107702763
5.0990195136
15.2970585408
33.7342555869
40.5215991787
28.8444102037
94.2019108086
162.9846618550
177.7920133189
246.9088900789
309.9741924741
344.3980255460
345.5835644240
301.6521175129
213.3775995741
116.1808934378
86.5563400335
114.2803570173
66.4830805544
98.0612053771
89.1403387923
86.2090482490
84.8528137424
79.8122797569
74.5251635355
55.9464029228
47.4130783645
83.7376856618
52.3450093132
44.1814440687
26.0000000000
1.4142135624
19.6977156036
46.6904701197
47.5394572960
83.5463942968
58.2580466545
116.6190378969
93.2952303175
73.4302390027
51.2249938995
48.1040538832
132.0000000000
325.8496585851
255.0176464482
451.8517455980
241.2053067410
63.2455532034
42.5440947724
54.5893762558
49.6588360717
43.9089968002
36.3593179254
33.9705755029
53.7587202229
25.9615099715
451.8517455980
448.3770734549
63.1981012373
48.3735464898
27.0185121722
55.5697759578
174.5623097922
166.3370073075
50.4777178565
16.5529453572
9.8994949366
18.0000000000
6.3245553203
19.6977156036
34.2052627530
32.9848450049
26.8328157300
25.6124969497
25.6124969497
39.2173431023
150.2131818450
131.0343466424
31.0161248385
23.7065391823
27.2029410175
35.4682957019
26.9072480941
71.5681493403
0.0000000000
0.0000000000
41.1096095822
33.3766385366
26.0000000000
14.4222051019
13.9283882772
24.3310501212
19.6468827044
20.2484567313
17.4928556845
15.8113883008
19.6468827044
32.5576411922
38.1837661841
32.8024389337
21.9544984001
20.3960780544
51.2445119013
118.9285499785
222.6252456484
344.5112480022
441.4612100740
468.8816481800
433.1697126993
388.1468794155
311.0819827634
208.1730049742
102.4890238026
14.7648230602
56.0357029045
79.6994353807
67.9411510059
131.0038167383
93.0591209931
57.2712842531
60.0832755432
42.0475920833
28.0000000000
17.0293863659
12.6491106407
8.4852813742
34.6698716467
19.0262975904
125.9364919314
108.0740486889
127.2006289293
51.0881590978
55.9464029228
39.1152144312
72.2495674728
41.0365690574
107.9351657246
105.2615789355
80.4487414445
58.3095189485
47.4130783645
51.6139516023
179.6106901050
241.5988410568
192.3174459065
250.3197954617
64.3272881443
55.0272659688
61.2698947282
48.3321838944
35.4682957019
27.7848879789
22.8035085020
27.0185121722
36.0555127546
38.4707681233
376.1967570301
512.1035051628
132.6725291837
32.2490309932
22.1359436212
21.9544984001
142.9405470816
188.6001060445
74.0945342114
14.4222051019
8.9442719100
17.4928556845
5.8309518948
17.2626765016
33.1360830516
30.0000000000
16.5529453572
17.2046505341
22.1359436212
57.2712842531
157.5626859380
116.4817582285
26.0000000000
5.6568542495
16.1245154966
17.0293863659
14.5602197786
61.6603600379
0.0000000000
0.0000000000
35.1283361405
25.1793566240
24.0416305603
15.8113883008
14.2126704036
22.8035085020
22.8035085020
21.5406592285
16.5529453572
14.7648230602
9.0553851381
21.6333076528
28.6006992922
29.7321374946
28.8444102037
103.3247308247
360.0277767062
570.6767911874
629.9603162105
579.7240722965
479.4163117792
337.6684764677
192.2082204277
91.1372591205
31.6227766017
65.1920240520
98.1835016691
95.8540557306
76.1577310586
45.6508488421
19.0262975904
86.8331733844
139.1402170474
34.0000000000
46.6476151588
37.9473319220
27.8567765544
20.0000000000
7.0710678119
18.9736659610
26.0000000000
33.1058907145
197.5702406740
200.8631374842
274.1860682092
185.7148351640
86.3133825082
59.6824932455
92.3579991122
63.1506136154
108.4066418629
80.9197132966
63.0079360081
43.2666153056
72.7186358508
103.3924562045
218.5040045400
323.1253626690
228.8055943372
316.3700365079
25.4950975680
35.7770876400
32.5269119346
26.4196896272
20.8806130178
17.8885438200
18.4390889146
26.0768096208
27.3130005675
53.8516480713
303.6609951904
542.2121356075
195.8009193033
24.3310501212
28.0713376952
4.4721359550
100.0000000000
187.2751985715
121.2353083883
35.6089876295
15.6204993518
26.9072480941
21.2132034356
25.6124969497
35.4682957019
31.6227766017
15.2970585408
23.4093998214
10.1980390272
124.2577965361
163.9817062968
78.2304288624
13.4164078650
6.3245553203
8.6023252670
7.2111025509
10.7703296143
54.0370243444
0.0000000000
0.0000000000
30.0665927567
21.0237960416
19.6468827044
14.2126704036
12.7279220614
22.8473193176
27.3130005675
21.9544984001
15.8113883008
14.7648230602
5.0990195136
15.8113883008
19.2353840617
21.4009345590
35.4682957019
125.0039999360
369.0013550111
333.2866633995
232.0344801964
176.9180601295
73.3484832836
26.0768096208
58.1377674150
59.0762219510
50.5371150740
71.0633520178
71.0633520178
47.0106370942
41.4004830890
30.5941170816
26.5706605112
32.2490309932
122.7762191957
105.8489489792
11.4017542510
38.2099463491
21.2132034356
11.3137084990
10.1980390272
19.2353840617
15.8113883008
53.8516480713
195.0230755577
317.6570477732
203.0024630392
304.2005917154
155.2610704588
68.6002915446
77.2010362625
62.6258732474
83.4865258590
60.7453701939
42.1900462195
60.4648658313
158.2213639178
143.3875866315
244.3931259262
447.2940867036
105.3944970100
430.3138389594
83.0541991714
25.4950975680
26.4196896272
21.2132034356
22.1359436212
24.7386337537
26.8328157300
29.7321374946
22.6715680975
60.0166643525
242.9897117164
556.1384719654
251.5631133533
21.2132034356
33.1360830516
3.1622776602
57.7234787586
144.0138882192
162.4315240340
100.7670581093
36.2215405525
22.8035085020
20.3960780544
38.0788655293
49.5782210250
44.6542271235
28.8444102037
32.2800247831
103.2279032045
167.4753713237
104.8618138313
27.3130005675
8.2462112512
8.6023252670
10.2956301410
5.8309518948
7.6157731059
51.0098029794
0.0000000000
0.0000000000
28.6356421266
20.8806130178
15.8113883008
16.1245154966
19.2353840617
31.2409987036
32.6496554346
25.4950975680
23.0217288664
21.9544984001
17.2626765016
21.4009345590
22.6274169980
22.3606797750
31.0161248385
68.1175454637
345.1724206828
567.4715851917
528.6435472036
289.6791328349
59.2114853723
54.4058820349
48.0416485979
29.1547594742
34.9857113691
67.1863081290
81.2526922631
62.2414652784
35.3553390593
25.1793566240
40.1995024845
50.6359556047
52.9528091795
117.3882447266
65.1920240520
24.7386337537
27.3130005675
16.0000000000
15.2315462117
15.2315462117
25.1793566240
34.6698716467
142.3516771942
387.2905885766
126.6570171763
253.1797780234
255.2802381697
178.3311526346
87.4185335041
33.0151480384
59.6154342432
45.5411901469
45.6508488421
150.6585543539
220.0954338463
90.0888450364
252.5787006064
476.5983634047
10.7703296143
465.3880101593
149.5660389260
40.2243707222
28.4253408071
26.8700576851
27.7848879789
32.2800247831
36.0555127546
35.7770876400
24.7386337537
52.9528091795
207.1955597980
558.2293435498
284.1126537133
16.4924225025
38.2099463491
8.6023252670
37.4432904537
88.2043082848
138.7731962592
147.6346842717
106.8924693325
45.8911756223
23.3238075794
28.6356421266
56.9385633819
74.7930478053
83.5463942968
126.5306287031
171.1899529762
127.0039369469
43.2666153056
15.6204993518
14.2126704036
15.0332963784
23.4093998214
23.4093998214
18.8679622641
36.7695526217
0.0000000000
0.0000000000
25.9615099715
21.9544984001
15.8113883008
17.2626765016
25.0599281723
33.9705755029
29.7321374946
26.9072480941
27.4590604355
20.8806130178
15.8113883008
18.8679622641
25.4558441227
30.0000000000
29.7321374946
35.3553390593
68.3081254318
177.5894140989
384.0833242930
471.8410749394
344.8187929913
125.8729518205
37.3363094052
43.2897216438
55.5697759578
88.6002257333
90.4433524368
60.4648658313
35.3836120259
43.8634243989
59.4642749893
59.2114853723
42.0475920833
49.3963561409
103.8556690797
40.4969134626
27.4590604355
26.3058928759
19.6468827044
14.4222051019
22.8035085020
14.1421356237
99.2471662064
376.6430671073
217.0207363364
113.0044246921
194.3707796969
260.9674309181
213.1900560533
85.4400374532
47.4341649025
41.7851648316
128.4133949399
251.4000795545
155.6213352982
77.7946013551
237.3562722997
464.3210096474
60.4152298680
467.0267658283
189.5943037119
41.0365690574
32.6496554346
33.2866339542
33.0151480384
33.1058907145
32.8937684068
30.4630924235
22.3606797750
36.1386219992
227.4906591489
559.3299562870
271.4479692317
13.4164078650
45.8911756223
18.3847763109
27.4590604355
51.8844870843
77.7946013551
116.2841347734
146.7105994807
137.3608386695
117.0042734262
115.5248890932
137.0328427787
166.0903368652
185.0243227254
178.7568180518
125.0039999360
57.0087712550
32.0624390838
26.6833281283
21.0237960416
17.7200451467
19.6468827044
21.6333076528
43.6806593357
36.2491379208
0.0000000000
0.0000000000
20.0997512422
17.0880074906
11.3137084990
10.1980390272
21.2602916255
24.6981780705
17.0880074906
19.0262975904
16.0000000000
1.4142135624
6.3245553203
6.0000000000
15.8113883008
23.3238075794
28.4604989415
59.6824932455
79.9249648108
75.3923072999
83.9523674473
208.7007426915
357.7820565652
362.2706170807
205.4117815511
43.1740662898
87.1320836432
95.7078889120
66.0302960769
50.4777178565
50.9901951359
57.6888204074
46.2385120868
31.0161248385
32.6496554346
21.2132034356
57.0087712550
87.6926450736
27.4590604355
30.0665927567
27.0185121722
18.8679622641
30.0000000000
28.6356421266
59.4138031101
346.7708176880
273.6494107430
36.0555127546
81.6088230524
161.2203461105
241.0186714759
210.3806074713
94.9210198007
90.7854613911
272.3600558085
240.5202694161
55.6596802003
96.0832971957
211.2865353022
449.0033407448
97.0154626851
462.1558178796
223.1098384205
41.0365690574
34.9857113691
34.4383507154
33.2866339542
29.1547594742
24.6981780705
17.7200451467
14.7648230602
8.4852813742
323.6355975476
544.6117883410
197.3068675946
20.2484567313
48.0000000000
13.0384048104
19.0262975904
31.7804971641
39.8246155035
57.7061521850
93.7763296360
135.7939615741
163.0030674558
167.6722994415
160.1998751560
156.1153419751
147.0034013212
112.0000000000
65.1152823844
38.6005181312
32.2490309932
25.4950975680
8.6023252670
14.5602197786
34.1760149813
53.2541078228
80.9197132966
53.1601354400
0.0000000000
0.0000000000
20.5912602820
13.0384048104
6.3245553203
5.0990195136
19.2353840617
17.2626765016
8.2462112512
16.9705627485
24.6981780705
22.0907220344
16.1245154966
10.1980390272
13.0384048104
12.1655250606
22.6274169980
64.4049687524
59.3969696197
51.6139516023
75.6042326857
84.2021377401
64.3272881443
213.1009150614
347.9425239892
278.6431409527
90.5207158611
92.0869154658
64.5135644652
62.2896460096
53.7587202229
41.0121933088
20.8806130178
15.8113883008
15.5563491861
31.9061122671
7.6157731059
60.9590026165
78.8923316933
37.3363094052
28.4604989415
24.0416305603
29.7321374946
13.4164078650
24.0831891576
313.8566551788
324.4225639502
6.0000000000
53.8516480713
61.4003257320
114.6908889145
188.0425483767
186.8154169227
210.2379604163
351.1466929931
131.1030129326
105.1189802081
91.0494371207
189.2141643747
426.4387412044
151.3274595042
452.3582650953
273.0164830189
43.8406204336
33.2866339542
30.8868904230
32.2490309932
32.6496554346
27.4590604355
17.2046505341
12.1655250606
142.8985654232
479.0407080823
441.4748010929
94.2549733436
35.4682957019
47.5184174821
16.4924225025
15.0332963784
17.7200451467
17.4928556845
28.6356421266
37.1214223865
56.0892146495
74.1484996477
75.3259583411
61.2045749924
46.8401537145
34.4383507154
35.3836120259
43.9317652730
41.2310562562
31.3049516850
29.0172362571
35.3553390593
42.0475920833
49.1934955050
53.0094331228
70.3278038901
35.6089876295
0.0000000000
0.0000000000
27.2029410175
15.2970585408
6.0000000000
8.0000000000
18.0000000000
13.9283882772
10.1980390272
18.0000000000
29.4278779391
36.0555127546
37.1214223865
32.2490309932
23.5372045919
14.5602197786
34.5253530033
64.0312423743
48.0832611207
57.2013985843
85.4283325367
80.0000000000
66.2872536767
45.5411901469
135.5949851580
315.5724956329
261.8396455849
47.5394572960
94.1488183675
61.2045749924
31.3049516850
24.6981780705
12.0830459736
19.6977156036
24.6981780705
33.0151480384
39.6988664826
14.4222051019
46.0651712251
70.3420215803
58.0517010948
56.9385633819
78.2304288624
100.1698557451
103.2472759931
244.1352084399
344.2847658552
50.3587132481
60.9261848469
43.2666153056
45.3431361950
94.7523086790
173.6317943235
285.2227199926
270.6325922723
82.3286098510
133.6338280526
91.2688336728
167.8630394101
392.0739726123
209.1219739769
422.0000000000
322.0062111202
35.6089876295
29.1547594742
31.6227766017
37.7359245282
31.6227766017
15.6204993518
12.0830459736
100.1698557451
405.0308630216
508.8693348985
229.2422299665
39.2173431023
43.1740662898
41.5932686862
19.0262975904
11.4017542510
15.2315462117
9.0553851381
17.2626765016
22.3606797750
31.1126983722
28.3196045170
15.2970585408
17.4928556845
20.0000000000
33.2866339542
38.2883794382
35.4682957019
31.9061122671
40.0249921924
45.1884941108
30.3644529014
24.7386337537
22.8035085020
30.5941170816
56.5685424949
25.9615099715
0.0000000000
0.0000000000
16.1245154966
7.0710678119
6.0000000000
10.1980390272
12.1655250606
12.0830459736
18.1107702763
24.6981780705
30.2654919008
35.0142828000
36.2215405525
37.6563407675
34.2344855372
25.4950975680
43.3820239270
74.1484996477
63.0079360081
72.1248916810
92.5742944883
73.5527021937
50.9901951359
99.5389371050
76.1577310586
82.2800097229
235.0531854709
138.1955136754
74.3236167042
106.1037228376
44.0000000000
36.7967389859
28.6356421266
21.2602916255
23.4093998214
56.7274184147
110.7880860021
163.4135857265
200.8233054205
245.0999796002
285.3944638566
307.2360655913
318.5121661727
324.4225639502
330.8715762951
283.3831328784
276.7020057752
73.7563556583
57.2712842531
45.4532727095
35.4682957019
42.8018691181
102.6937193795
206.6349438019
111.8302284716
100.0799680256
132.2422020385
92.2279784014
143.6105845681
352.2300384692
273.3861737543
369.3913913453
366.7860411739
17.0293863659
31.6227766017
29.1547594742
3.1622776602
72.4706837280
74.0270220933
37.6563407675
327.3316361124
541.3944957238
278.4851881160
48.3735464898
40.1995024845
45.6070170040
31.7804971641
12.6491106407
8.6023252670
10.0000000000
2.8284271247
2.0000000000
7.6157731059
25.2982212813
27.4590604355
27.0185121722
37.5765884561
35.1283361405
75.6042326857
63.0079360081
12.0000000000
53.2353266168
50.0000000000
22.8035085020
31.2409987036
35.4682957019
27.0185121722
36.6878726557
55.3172667438
29.8328677804
0.0000000000
0.0000000000
8.6023252670
10.2956301410
7.2111025509
8.0000000000
7.0710678119
13.9283882772
20.8806130178
23.7065391823
22.8473193176
22.0907220344
21.5870331449
21.5870331449
24.0416305603
25.0599281723
45.6946386352
79.6241169496
74.5251635355
84.5931439302
98.0000000000
62.3698645181
34.2052627530
94.4139820154
94.2019108086
130.6139349380
193.9123513343
132.2195144447
14.5602197786
112.5877435603
82.7647267862
22.6715680975
70.3846574191
118.9285499785
132.9661611088
136.5650028375
164.4019464605
213.0164312911
281.7268180348
349.1933561796
362.5520652265
328.4935311387
275.8622844827
222.8945939228
204.4798278560
178.1796845883
114.8564321229
62.7694193059
32.8024389337
33.1360830516
28.6356421266
25.1793566240
88.6002257333
139.1689620569
34.0000000000
100.1798382909
120.0166655094
84.3445315358
124.3382483390
344.0232550279
282.1134523556
371.2142238654
391.8902907703
81.0555365166
74.6726188104
39.3954312072
76.9415362467
103.4794665622
76.9415362467
158.7009766826
560.2088896117
388.5897579711
46.8614980554
28.1780056072
47.0956473573
41.5932686862
26.4196896272
19.2353840617
22.0907220344
18.1107702763
14.0000000000
12.0830459736
34.2052627530
46.0434577329
7.0710678119
121.2023102090
288.3920942051
478.8193813955
482.2654870504
320.6524598378
76.6941979553
78.5875308176
28.6356421266
11.0453610172
28.6356421266
41.2310562562
39.2173431023
36.0555127546
46.0434577329
33.3766385366
0.0000000000
0.0000000000
30.0000000000
14.7648230602
5.8309518948
9.4868329805
13.0384048104
18.6010752377
20.5912602820
19.6977156036
14.7648230602
10.1980390272
12.6491106407
13.9283882772
13.9283882772
20.5912602820
48.0208288142
84.1189633793
78.4474346298
89.2860571422
107.9351657246
77.6659513558
17.4928556845
78.8162419810
104.5466403095
144.6167348546
171.1724276862
77.8203058334
27.4590604355
80.4114419719
78.7908624144
72.5672102261
93.7443331621
59.0762219510
7.6157731059
71.3862731903
168.3092391998
274.9618155308
328.9559240993
254.6212874054
90.6090503206
68.0000000000
54.6260011350
14.1421356237
15.6204993518
27.7848879789
26.0768096208
54.5893762558
50.0000000000
22.3606797750
15.8113883008
42.3792402008
76.9415362467
114.4377560074
24.0416305603
95.2575456329
107.0420478130
69.6419413859
118.9621788637
309.0954545120
362.4058498424
538.1821253070
348.0373543170
99.4082491547
63.0713881249
74.0000000000
118.4060809249
25.9615099715
30.5941170816
473.2610273411
528.8667128871
132.6122166318
17.0293863659
30.2654919008
45.6070170040
38.4707681233
29.7321374946
16.1245154966
6.3245553203
19.2353840617
25.0199920064
9.4868329805
104.0480658158
268.9721175141
456.4493400149
609.0550057261
685.5960910040
586.2507995730
362.0414340928
419.0584684743
52.4976189936
81.6088230524
20.5912602820
28.4253408071
41.2310562562
47.7074417675
39.4461658466
22.8035085020
34.2052627530
40.2492235950
0.0000000000
0.0000000000
48.4148737476
28.4253408071
18.4390889146
16.0000000000
17.0293863659
21.6333076528
24.4131112315
19.2353840617
11.0453610172
3.1622776602
3.1622776602
3.1622776602
8.0000000000
17.0293863659
42.4264068712
89.4427191000
89.0505474436
92.3471710449
113.4372072999
96.0000000000
59.6824932455
68.0294054068
89.9444272871
103.2472759931
120.5404496424
40.0249921924
83.5463942968
64.3272881443
32.2490309932
18.0000000000
93.0053761887
159.2545132798
171.6566340110
162.3637890664
177.3414785097
244.6630335788
384.6920846599
518.4688997423
417.5978927150
143.6941195735
28.4253408071
38.4707681233
33.9705755029
30.2324329157
16.5529453572
20.0000000000
27.3130005675
19.0262975904
38.1837661841
54.2033209315
58.0517010948
80.2246844805
24.2074368738
80.0999375780
92.5742944883
64.6219776856
92.4553946506
266.3080922541
431.6480047446
359.2547842409
111.3283432015
41.1096095822
80.0624756050
137.5572608044
66.2117814290
19.6468827044
305.3686296920
507.2041009298
179.2540097181
84.0119039184
44.9221548904
33.3766385366
36.0555127546
28.6356421266
25.4950975680
33.0151480384
86.8331733844
173.3666634622
288.3123306416
433.9700450492
575.0060869243
649.3766241558
625.4038695115
512.9463909611
308.0811581386
194.2884453590
620.7253821135
388.4018537546
51.2640224719
65.1920240520
19.8494332413
32.6496554346
42.8018691181
48.8262224629
25.4558441227
4.4721359550
30.2324329157
53.8144961883
0.0000000000
0.0000000000
54.2033209315
31.2409987036
22.3606797750
12.6491106407
12.0830459736
22.6715680975
24.2074368738
16.1245154966
14.1421356237
9.0553851381
8.4852813742
5.6568542495
13.0384048104
18.3847763109
30.5286750449
78.6002544525
106.2544116731
116.0775602776
130.3917175284
116.0000000000
79.6241169496
51.2249938995
62.1288982680
64.4049687524
93.1450481776
15.8113883008
113.5341358359
78.2304288624
19.8494332413
20.0997512422
44.3846820423
46.0434577329
58.6003412959
76.1577310586
52.6117857519
21.2132034356
21.2132034356
291.9726014543
392.0943763943
166.4331697709
81.8413098624
33.6154726279
40.4474968323
16.1245154966
7.0710678119
13.4164078650
43.5660418216
72.2495674728
73.8241153012
50.1597448159
34.0587727319
49.4974746831
22.0000000000
56.9209978830
91.7605579756
60.0333240792
84.8645980371
131.7269904006
69.3397432934
28.4253408071
72.2495674728
85.1469318296
137.0036495864
131.8256424221
59.2283715798
213.9018466493
405.2776825832
202.0000000000
213.2838484274
230.7032726252
254.0078738937
354.2767279966
419.5259229178
434.2948307314
452.0398212547
492.7088389708
557.3149917237
609.7622487495
628.3709095749
591.5555764254
476.4241807465
306.7572330036
147.1665722914
46.8187996429
228.3199509460
621.7282364506
512.8001560062
79.3977329651
95.6033472217
53.1413210223
19.8494332413
34.4383507154
41.5932686862
32.8937684068
5.0990195136
22.6715680975
26.3058928759
47.4341649025
0.0000000000
0.0000000000
55.4616984954
31.4006369362
20.2484567313
11.3137084990
14.1421356237
25.8069758011
21.4009345590
14.7648230602
18.3847763109
17.0293863659
7.0710678119
11.4017542510
24.1660919472
20.0000000000
21.5406592285
49.5176736126
96.7987603226
138.9244398945
152.6106156203
131.4686274364
98.9949493661
63.1506136154
32.9848450049
34.4383507154
58.1377674150
39.4461658466
122.9308748850
62.3698645181
37.3630833845
82.8733974204
133.4541119636
177.7245059073
173.9482681719
96.5194280961
50.5371150740
72.6911273815
29.1547594742
302.2085372719
308.0162333384
238.8388578100
429.6161077055
368.7655081485
122.8006514641
8.6023252670
2.0000000000
8.4852813742
102.4890238026
141.5980225851
80.4114419719
19.8494332413
21.2132034356
42.7551166529
34.0000000000
48.7647413609
86.3133825082
58.5491246732
97.4166310237
38.2883794382
32.8024389337
60.2162768693
74.2024258364
118.4060809249
161.8208886393
124.9639948145
210.6181378704
393.9746184718
269.0910626535
55.9464029228
19.7989898732
82.4621125124
363.0895206419
523.6506469012
556.2912906023
551.0734978204
552.0326077326
534.1610244112
477.9142182442
384.4268460969
268.2871595884
139.8427688513
32.8024389337
25.1793566240
19.6977156036
131.5218613007
526.0038022676
570.0000000000
172.9045979724
40.0249921924
80.0249960950
52.0000000000
12.6491106407
32.2490309932
31.4006369362
24.6981780705
30.5941170816
30.5286750449
19.2353840617
35.4682957019
0.0000000000
0.0000000000
51.2445119013
36.6878726557
20.8806130178
10.2956301410
16.9705627485
29.5296461205
21.4009345590
19.7989898732
24.0416305603
19.6468827044
8.6023252670
16.1245154966
28.4604989415
18.6010752377
13.9283882772
27.2029410175
69.8569967863
131.8483977908
165.4629867977
150.2331521336
119.8665925102
92.8008620650
54.1294744109
35.7770876400
44.4072066223
75.2861208989
86.7640478539
20.2484567313
61.6116872030
66.2872536767
64.5135644652
95.7078889120
184.7430648225
257.9341001109
207.0024154448
59.4810894319
69.8569967863
285.0473644853
412.4196891517
443.6056807571
354.0508438064
425.3774794227
397.7562067398
134.3502884254
17.0880074906
39.3954312072
136.3598181284
209.9952380412
18.8679622641
53.8516480713
19.0262975904
45.6070170040
39.2937654088
55.4436651025
48.6004115209
82.7647267862
57.0087712550
31.0483493925
54.6260011350
74.6324326282
106.5269918847
171.0263137649
199.4843352246
231.6246964380
348.1407761237
304.1381265149
104.0865024871
108.2404730219
108.7841900278
304.2531840425
428.9568742892
207.5234926460
108.4158659976
98.7319603776
84.0951841665
55.7314991724
20.0000000000
24.0416305603
32.9848450049
27.0185121722
14.5602197786
16.0000000000
42.5205832509
395.2847075210
605.5955746206
260.7144031311
10.2956301410
21.2132034356
71.5681493403
62.0322496771
23.0217288664
27.7848879789
31.4006369362
27.8926513620
22.3606797750
21.9544984001
17.4928556845
33.6154726279
0.0000000000
0.0000000000
48.1663783152
39.3192065027
20.8806130178
8.0000000000
19.8494332413
28.1780056072
14.4222051019
17.4928556845
27.4590604355
25.4950975680
14.7648230602
14.4222051019
25.1793566240
16.0000000000
2.8284271247
18.9736659610
48.7031826475
103.2472759931
152.9705854078
163.6704005005
143.5339681051
151.0033112220
138.7083270752
87.6926450736
25.4950975680
50.6359556047
33.9705755029
51.4781507049
56.8506816142
56.5862174032
48.0208288142
35.3553390593
51.9230199430
145.8355237931
280.9448344426
300.4163777160
138.1303731987
74.9666592560
114.5425685062
273.3861737543
474.1307836452
371.9462326735
165.3662601621
274.4048104535
125.1958465765
131.4001522069
309.4672842160
519.2475324929
370.3619850903
216.7071757003
333.6495167088
368.0978130878
226.2741699797
20.8806130178
50.5964425627
47.8539444560
29.4278779391
58.8217646794
67.2309452559
83.7735041645
147.2480899706
242.0330555937
272.1506935505
292.6055365163
274.4485379812
106.1508360777
30.5286750449
18.9736659610
309.2733418838
549.6071324137
292.9095423505
23.5372045919
28.6356421266
21.9544984001
21.2132034356
14.7648230602
5.8309518948
3.1622776602
8.4852813742
11.4017542510
5.0990195136
12.8062484749
269.0167281044
543.6855708955
334.4398301638
80.6225774830
47.5394572960
5.0990195136
52.4785670536
76.2758153021
46.8614980554
25.4950975680
21.2132034356
17.2046505341
4.0000000000
8.0000000000
8.2462112512
41.1096095822
0.0000000000
0.0000000000
46.1735855225
36.0000000000
20.0997512422
2.8284271247
21.5870331449
19.6468827044
7.0710678119
7.0710678119
19.2353840617
23.7065391823
14.7648230602
7.0710678119
18.9736659610
18.8679622641
7.2111025509
12.1655250606
34.1760149813
75.6439025963
122.1147001798
151.7432041312
140.0642709616
137.9927534329
153.6814888007
126.0634760746
15.5563491861
31.2409987036
47.5184174821
60.1664358260
57.7061521850
49.6789693935
41.2310562562
37.1214223865
31.1448230048
26.3058928759
93.2308961665
260.3459237246
369.3561966449
460.8730844821
581.7920590727
550.9718686104
427.8504411591
422.8380304561
385.8497116754
137.7679207944
187.9680823970
137.9275171965
479.2702786529
418.6382686760
680.3190428027
647.9706783490
755.1648826581
713.3932996602
573.3846876225
111.8033988750
28.2842712475
15.2315462117
56.7978872847
79.6492310070
122.2865487288
201.6581265409
277.2183255126
313.9840760293
268.7340692953
216.3931607052
124.4025723207
17.2626765016
14.1421356237
250.6671099287
571.6677356647
391.7958652155
57.0087712550
31.3049516850
37.0135110466
35.3836120259
28.6006992922
20.2484567313
14.0000000000
10.0000000000
10.0000000000
13.4164078650
6.3245553203
169.8057713978
488.9683016311
380.0447342090
68.0294054068
115.5508546052
99.0858213873
42.5440947724
24.6981780705
71.8470597867
69.3541635376
32.2800247831
17.2626765016
15.0332963784
5.0990195136
8.2462112512
8.0000000000
50.0000000000
0.0000000000
0.0000000000
47.4130783645
36.7151195014
21.4009345590
10.1980390272
25.0599281723
21.4009345590
11.4017542510
1.4142135624
16.1245154966
23.0217288664
16.1245154966
4.4721359550
15.8113883008
17.2626765016
8.2462112512
6.0000000000
22.1359436212
49.7393204618
86.5563400335
123.1097071721
121.2353083883
121.8523696938
218.4765433634
118.2708755358
3.1622776602
27.4590604355
53.3104117410
59.6154342432
55.0272659688
44.3846820423
41.2310562562
36.6878726557
43.9317652730
40.0499687890
28.6356421266
86.8331733844
272.7379694872
398.5599076676
303.6379422931
119.6327714299
37.0135110466
25.0199920064
201.7176244159
295.8141308322
145.9109317358
76.0263112350
520.2864595586
309.0792778560
331.8794962031
541.8671423882
407.0601921092
488.8721714313
738.1950961636
297.4054471593
67.0820393250
86.6833317311
90.6972987470
72.3463889907
172.7541605867
332.9384327470
405.0283940664
357.7708764000
226.3537055142
118.8696765370
34.6698716467
2.0000000000
195.8979326078
556.7710480979
478.6021312113
112.6143862923
26.8328157300
25.4950975680
34.2052627530
39.6988664826
34.4093010682
26.4196896272
17.7200451467
12.0830459736
13.9283882772
10.1980390272
88.6002257333
400.5246559202
438.3697069826
98.0815986819
63.3245607960
79.8122797569
125.1958465765
92.4770241736
13.0384048104
48.3735464898
80.2620707433
64.4980619864
31.4006369362
20.0000000000
17.8885438200
14.0000000000
12.6491106407
54.5710545986
0.0000000000
0.0000000000
47.7074417675
39.6988664826
24.1660919472
15.8113883008
22.6715680975
25.6124969497
21.0237960416
5.8309518948
16.0000000000
24.0831891576
17.0293863659
7.0710678119
23.1948270095
50.1597448159
68.1175454637
64.1248781675
42.0475920833
19.8494332413
38.6264158317
66.4830805544
101.2422836566
255.5151658904
227.7059507347
39.1152144312
23.0217288664
47.0106370942
41.0365690574
41.4004830890
39.3954312072
41.7612260356
47.0106370942
48.3321838944
53.0094331228
52.1727898430
60.7289058028
151.4265498517
196.0255085442
116.1808934378
37.4432904537
17.0293863659
30.0000000000
41.5932686862
15.8113883008
90.6862723900
162.8250594964
160.5552864281
386.4349880640
571.4052852398
443.4974633524
297.3785466371
229.2596780945
411.8252056395
662.4198064672
311.5798453045
58.6003412959
37.9473319220
24.3310501212
40.5215991787
182.7019430657
392.0510170883
418.9510711288
286.0209782516
123.8789731956
47.0106370942
26.3058928759
142.2743827961
517.7200015452
545.8516281921
178.1965207292
22.8035085020
27.3130005675
29.1547594742
31.6227766017
36.7967389859
35.4682957019
29.8328677804
20.0000000000
14.7648230602
12.8062484749
48.4148737476
295.2693685434
430.8967393704
178.2638493918
73.3348484692
54.0370243444
53.0094331228
111.9464157533
121.4331091589
41.8807831827
19.0262975904
55.4616984954
79.2590688817
61.7737808459
30.4630924235
8.9442719100
7.2111025509
10.2956301410
58.9406481132
0.0000000000
0.0000000000
42.5440947724
33.6154726279
13.3416640641
12.8062484749
14.4222051019
23.7065391823
26.8328157300
13.0384048104
11.6619037897
25.1793566240
49.0917508345
93.4772699644
141.6615685357
167.8630394101
172.0116275140
168.5823241031
161.0093165006
133.8207756666
72.5672102261
37.2021504755
237.9327636119
337.0370899471
107.7125805094
2.8284271247
50.0000000000
47.5394572960
35.3553390593
33.0151480384
33.9705755029
41.1825205639
51.4781507049
61.7737808459
64.4980619864
71.8052922841
113.8771267639
194.1648783895
145.8355237931
63.2455532034
43.6577599059
46.5188133985
44.2944691807
48.6004115209
44.2718872424
31.1448230048
45.2769256907
96.0208310733
219.4401968647
413.3206987316
621.1537651822
720.7676463327
644.4920480502
625.7363662118
581.5909215247
217.8669318644
45.8911756223
59.0762219510
67.0074622710
70.7106781187
117.1750826755
299.9233235345
533.7302689561
669.4027188472
610.0786834499
376.9694947870
179.0251378997
470.6442393146
597.0745347107
250.3517525403
25.0199920064
18.9736659610
22.8473193176
23.3238075794
26.9072480941
31.1448230048
32.5576411922
31.4006369362
23.7065391823
17.0293863659
34.2052627530
241.0186714759
404.4007912950
216.0601768027
62.6099033700
67.8969807871
49.5176736126
55.6596802003
95.0368349641
118.0677771452
54.6260011350
17.0880074906
32.2800247831
55.7314991724
61.8546683768
61.7737808459
61.4003257320
62.2896460096
63.3876959670
84.8645980371
0.0000000000
0.0000000000
33.2866339542
24.0416305603
2.0000000000
10.2956301410
13.0384048104
24.0416305603
31.4006369362
18.4390889146
21.4009345590
77.7946013551
149.1643389018
175.4194972060
158.2403235588
127.3184982632
107.3778375644
110.2905254317
130.5526713629
152.8005235593
152.6892268629
158.2403235588
358.6446709488
226.4155471694
20.0000000000
18.4390889146
54.4058820349
45.5411901469
37.1214223865
34.6698716467
40.0000000000
43.8634243989
48.4148737476
55.2268050859
44.9221548904
79.3095202356
177.7301325043
184.1955482633
73.8241153012
7.0710678119
57.4282160614
120.5072611920
176.0000000000
160.2061172365
86.8331733844
94.2019108086
59.6154342432
17.8885438200
50.9901951359
136.6235704408
233.8033361610
377.5844276450
486.5079649913
460.6777615644
281.3005510126
78.5493475466
36.0000000000
26.0768096208
12.0000000000
5.8309518948
11.4017542510
28.0713376952
43.0813184571
223.6604569431
471.3385195377
626.2858772158
562.3557592841
591.2512156436
338.5852920610
49.4772675074
20.5912602820
15.2315462117
14.1421356237
15.8113883008
19.6977156036
22.8473193176
26.0000000000
31.7804971641
21.4009345590
28.0713376952
222.0810662799
414.4610958824
255.2214724509
18.4390889146
33.7342555869
39.4461658466
58.1377674150
68.6585755751
90.2441133814
105.5746181618
49.0102030194
14.2126704036
31.9061122671
31.7804971641
30.0000000000
43.6577599059
54.0370243444
59.4138031101
59.4138031101
66.4830805544
0.0000000000
0.0000000000
19.2353840617
17.4928556845
9.4868329805
0.0000000000
9.0553851381
18.4390889146
29.1547594742
18.3847763109
69.3541635376
159.9062225181
167.1705715729
98.4073168011
33.6154726279
12.7279220614
15.2315462117
4.4721359550
4.4721359550
27.0185121722
104.3551627856
255.1626931979
296.2735222729
62.2414652784
20.0000000000
38.0788655293
51.2640224719
46.8187996429
41.5932686862
40.0000000000
47.2016948848
48.1663783152
46.6904701197
46.7546789102
57.4282160614
100.8959860450
69.1230786351
174.5222048910
386.1243323076
501.1985634457
551.9202840991
596.7997989276
524.9780947811
427.4786544379
220.8393080953
71.5541752800
107.7032961427
23.1948270095
12.0830459736
24.4131112315
32.8937684068
52.8393792545
69.5701085237
42.6380112107
46.3249392876
40.4969134626
19.2353840617
25.6124969497
32.8937684068
38.0000000000
40.7921561087
43.1740662898
56.0357029045
67.0820393250
61.0081961707
244.6098935039
330.6508732787
227.0022026325
79.8122797569
42.5440947724
16.1245154966
31.3049516850
25.0599281723
19.6468827044
23.3238075794
27.2029410175
27.2029410175
22.0907220344
48.3735464898
244.6957294274
448.3413877839
311.2844358461
43.6806593357
21.6333076528
19.0262975904
45.1220566907
80.3616824115
82.4621125124
87.3155198118
92.9623579735
35.1283361405
23.3238075794
27.7848879789
11.0453610172
13.4164078650
19.2353840617
23.1948270095
20.3960780544
12.1655250606
33.3766385366
0.0000000000
0.0000000000
17.8885438200
14.4222051019
10.0000000000
9.8994949366
6.3245553203
17.8885438200
28.4604989415
19.8494332413
129.6533840669
154.3502510526
68.8767014309
22.6274169980
27.0185121722
20.8806130178
15.5563491861
11.6619037897
17.0293863659
17.2626765016
123.8224535373
248.8051446413
115.9741350474
20.2484567313
16.1245154966
40.2243707222
50.9901951359
50.5371150740
48.0208288142
45.6070170040
48.6004115209
47.2016948848
50.9901951359
31.6227766017
58.2408791142
241.0145223840
440.4770141562
561.7775360407
593.8972975187
553.0461101934
504.6682078356
402.9739445671
370.3025789810
511.0009784726
247.5843290679
14.4222051019
123.4908903523
51.8652099196
14.1421356237
42.7551166529
32.5576411922
38.0788655293
40.8166632639
30.0000000000
10.0000000000
45.5411901469
119.6411300515
120.2663710270
73.0068489938
71.8052922841
84.3800924389
84.8528137424
84.0119039184
83.7257427557
94.1912947145
104.9380769788
105.0809211989
122.2620137246
177.6344561170
244.2826232052
248.7126856435
162.2652150031
63.0079360081
28.4253408071
24.4131112315
22.8473193176
34.0000000000
124.9639948145
338.3784863138
496.4232065486
351.0128202787
78.8542960149
47.5184174821
14.7648230602
33.0151480384
67.6017751246
89.8999443826
78.0000000000
82.8613299435
78.1024967591
16.0000000000
25.2982212813
15.0332963784
8.2462112512
14.0000000000
17.0293863659
16.1245154966
10.0000000000
8.9442719100
29.5296461205
0.0000000000
0.0000000000
17.2626765016
12.1655250606
5.8309518948
8.9442719100
16.1245154966
31.1448230048
24.0416305603
75.9605160593
154.4344521148
88.6002257333
21.2132034356
29.1547594742
25.9615099715
18.1107702763
17.8885438200
15.2315462117
21.6333076528
53.1413210223
243.4830589589
184.5643519209
25.4950975680
11.3137084990
31.2409987036
39.8246155035
50.5371150740
53.6656314600
49.3963561409
46.0434577329
44.6542271235
51.8652099196
7.6157731059
185.0675552332
400.7043798114
490.1938392106
422.9846332906
288.3920942051
179.6051224214
66.4830805544
27.4590604355
197.2308292332
578.7192756423
429.7068768358
181.0027624099
62.0000000000
124.1933975701
77.8845299145
17.2046505341
61.2209114601
74.2159012611
52.0000000000
77.2528316633
68.9637585983
47.5184174821
78.0896920214
260.3420826528
355.1140661816
317.3042703778
143.0314650698
131.7952958189
155.0483795465
170.2997357602
192.6291774369
218.9292123039
250.0559937294
282.8427124746
302.0496647904
321.2786952165
370.3889847174
442.6104381959
464.1486830747
373.1005226477
266.7508200550
239.0146439028
260.2306669092
332.5808172460
475.4050904229
521.0182338460
324.8199501262
77.6659513558
52.6307894678
44.2040722106
34.5253530033
52.3450093132
82.6801064344
79.6492310070
68.5419579528
83.5224520713
58.4636639290
4.0000000000
18.9736659610
7.0710678119
10.0000000000
9.4868329805
7.0710678119
7.6157731059
18.4390889146
28.2842712475
36.2491379208
0.0000000000
0.0000000000
25.8069758011
17.2046505341
9.4868329805
13.3416640641
22.3606797750
38.1837661841
16.1245154966
129.0658746532
135.0925608611
33.3766385366
15.0332963784
17.2626765016
19.7989898732
12.6491106407
11.6619037897
15.8113883008
5.6568542495
179.3376703317
283.2419460461
85.1469318296
38.6264158317
27.3130005675
41.4004830890
44.0454310911
48.8262224629
55.4616984954
49.7393204618
41.8807831827
50.7740090991
20.8806130178
196.6570619124
426.2065227094
386.6264346886
186.5529415474
44.7213595500
29.7321374946
53.2353266168
34.0000000000
33.5261092285
387.1253027122
540.7864643276
199.8499437078
151.4265498517
109.5536398300
105.9056183590
103.9422916815
209.6187014558
296.1080883731
314.2133033466
103.7689741686
22.8035085020
65.8634952003
59.6154342432
106.1037228376
416.6461328274
358.2680560698
523.5456045083
415.4154546957
259.9769220527
288.7351727795
343.6568055488
374.2218593295
385.4062791393
376.1329552166
340.2381518878
279.9464234456
208.2786594925
155.4670383072
161.5054178658
288.1388554152
438.9646910630
529.3410998591
581.6665711557
595.7784823238
556.8213357981
439.9295398129
217.8164364781
31.1448230048
42.1900462195
43.5660418216
42.1900462195
46.0434577329
65.4369925959
80.4487414445
62.7694193059
64.6219776856
73.7563556583
34.2344855372
18.3847763109
15.8113883008
3.1622776602
7.0710678119
7.0710678119
10.7703296143
20.0000000000
25.4950975680
46.8614980554
45.0998891351
0.0000000000
0.0000000000
33.9411254970
28.4253408071
19.2353840617
20.2484567313
24.4131112315
36.0555127546
35.4400902933
151.0297983843
113.0044246921
16.9705627485
20.2484567313
20.2484567313
22.8035085020
21.2132034356
19.0262975904
26.9072480941
84.1189633793
303.2952357028
206.0728026693
37.0135110466
27.0185121722
37.5765884561
41.2310562562
38.2883794382
42.8018691181
50.1597448159
45.5411901469
41.5932686862
48.8466989673
119.8081800212
389.2171630337
352.6045944114
107.8146557755
13.0384048104
17.8885438200
49.6789693935
41.1096095822
38.0788655293
79.7119815335
472.2478162999
427.6657573386
104.0192289916
144.8378403595
132.1968229573
57.7234787586
211.4190152281
529.3656581230
408.4899019560
535.4213294220
215.6014842249
87.4642784227
32.6496554346
31.1448230048
70.6116137756
435.1574427722
616.2239852521
191.4418971908
501.4957626940
381.2925386104
294.7032405658
251.0975905898
207.9663434309
157.2768260107
106.0754448494
56.7978872847
24.2074368738
84.0238061504
160.5801980320
168.9615340839
171.0204666115
230.7032726252
295.9594566828
308.4153044192
273.8065010185
194.0927613282
67.0671305484
24.4131112315
27.8567765544
26.8328157300
33.9705755029
33.1058907145
35.3553390593
55.2268050859
68.6002915446
68.4105255059
72.4706837280
47.8539444560
15.8113883008
13.3416640641
4.0000000000
7.0710678119
3.1622776602
12.0830459736
12.1655250606
17.8885438200
30.4630924235
66.6483308118
46.1735855225
0.0000000000
0.0000000000
24.4131112315
27.4590604355
28.2842712475
25.4950975680
24.6981780705
33.2866339542
53.4602656185
157.0795976567
101.0445446326
7.2111025509
16.9705627485
16.9705627485
15.8113883008
7.2111025509
13.4164078650
17.0293863659
243.6062396574
311.4642836667
78.4091831357
36.2491379208
26.3058928759
25.0599281723
24.4131112315
23.4093998214
29.1547594742
38.2099463491
42.7551166529
56.3205113613
27.8926513620
314.8714023216
413.7172947799
190.0315763235
62.3698645181
68.4689710745
75.8023746330
76.1577310586
61.1882341631
74.0945342114
143.6732403755
495.4593827954
374.9026540317
100.1299156097
122.8087944734
145.1344204522
72.1248916810
488.8046644622
667.8472879334
263.8787600395
604.0033112492
293.1381926669
104.7854951794
110.9414259869
59.4642749893
34.9284983931
223.6515146383
717.4078338017
440.8582538640
178.9972066821
286.2516375499
177.0706073859
71.0211236183
39.6232255123
35.3553390593
41.1825205639
65.2993108693
45.8039299624
127.2242115322
184.2009771961
160.4306703844
115.5248890932
50.4777178565
32.5576411922
74.0000000000
81.3019064967
55.6057550978
54.1479454827
39.4461658466
20.0000000000
22.8035085020
31.3049516850
36.0555127546
31.4006369362
47.4341649025
71.5541752800
80.9938269253
50.9313263130
7.2111025509
11.6619037897
8.2462112512
5.6568542495
5.0990195136
7.6157731059
8.9442719100
8.9442719100
25.4950975680
44.6542271235
85.0881895447
40.4474968323
0.0000000000
0.0000000000
12.1655250606
9.4868329805
22.0907220344
28.0713376952
27.8567765544
28.3196045170
68.4689710745
161.0031055601
91.1372591205
8.2462112512
6.3245553203
17.2046505341
22.8035085020
25.4950975680
32.3109888428
162.8557644052
355.0098590180
188.9867720239
31.1448230048
27.2029410175
46.0434577329
51.4781507049
43.9317652730
31.7804971641
22.8035085020
26.0768096208
45.5411901469
70.1141925718
144.4022160495
378.0846466071
199.3037882229
174.7340836815
245.0999796002
245.0510150969
231.7800681681
217.5178153623
200.4894012161
203.9607805437
203.0960363966
433.6011992603
363.8598631341
127.5774274705
97.6217188949
130.3840481041
291.3588852258
710.0042253395
467.5082886966
150.0733154162
550.3816857418
393.6622918188
102.9563014099
105.1189802081
96.3846460802
92.9623579735
33.6154726279
575.6405128203
631.1449912659
93.7443331621
104.6231331972
145.1137484872
152.6433752247
151.0033112220
141.5980225851
131.0343466424
129.4681427997
106.6677083282
59.3969696197
234.7594513539
163.0828010552
60.0166643525
51.9230199430
56.1426753905
50.9901951359
45.6946386352
24.6981780705
25.2982212813
67.7790528113
68.9492567038
51.8652099196
44.4072066223
50.6359556047
55.0817574157
69.0651865993
81.0555365166
57.7754273026
14.2126704036
19.6468827044
16.1245154966
14.1421356237
6.0000000000
13.0384048104
16.5529453572
21.6333076528
29.9666481275
42.8018691181
59.4642749893
89.4427191000
28.0713376952
0.0000000000
0.0000000000
8.6023252670
7.0710678119
12.0830459736
14.7648230602
19.6977156036
17.0293863659
68.6585755751
159.3047394147
94.9210198007
18.6010752377
15.6204993518
24.4131112315
36.7967389859
26.0000000000
77.5241897733
315.0936368764
304.8212591011
72.9931503636
43.6577599059
48.1663783152
36.4965751818
118.5326959113
214.5600149142
282.7083302628
318.0000000000
334.2154993414
337.5114812862
318.9608126400
262.7394146298
208.7534430854
229.9956521328
389.6100614717
439.5019908942
473.0010570813
496.2579974167
516.9912958648
532.1841786449
565.0433611680
549.8745311432
362.7698995231
261.7250465660
169.7056274848
92.0869154658
115.7324500734
570.6294769813
612.9861336115
166.2347737388
60.7453701939
440.8219595256
467.7135875726
166.2347737388
117.4137981670
99.8098191562
86.5332306111
76.4198926982
392.3111010410
685.6238035541
218.5634919194
57.2712842531
38.4187454246
59.6824932455
50.5964425627
38.2099463491
34.0000000000
52.3259018078
92.4553946506
96.2600644089
63.7024332345
200.5292996048
89.1964124839
28.6356421266
23.7065391823
33.1058907145
36.8781778292
41.5932686862
42.5440947724
57.2188780037
86.6833317311
90.4433524368
79.3095202356
79.0063288604
80.0249960950
73.0068489938
52.3259018078
12.1655250606
27.2029410175
26.3058928759
29.7321374946
26.4196896272
27.8926513620
31.4006369362
27.0185121722
31.4006369362
43.0116263352
49.0917508345
61.0737259384
75.6439025963
25.0599281723
0.0000000000
0.0000000000
1.4142135624
8.0000000000
13.3416640641
14.1421356237
10.1980390272
7.2111025509
48.3321838944
149.2648652564
120.1665510864
36.0555127546
22.3606797750
27.2029410175
32.2490309932
34.4093010682
241.0186714759
392.2269751050
144.5060552365
79.0569415042
109.4440496327
213.8457387932
355.8791929855
447.1465084287
478.5645202060
486.7853736504
492.1463197058
493.0496932359
512.8060062051
518.5383303093
309.3024409862
67.1863081290
203.6516633863
162.8557644052
123.1665539016
134.5362404707
161.3753388842
201.0024875468
240.1332963169
274.3720102343
283.5101409121
218.2567295641
109.2520022700
207.1183236703
64.8845127900
377.2002120890
648.1743592584
309.4285054742
34.7850542619
43.0813184571
309.9580616793
490.8462080937
286.2760905140
184.5480967119
146.4923206178
98.4073168011
94.8472456110
195.3458471532
631.0784420340
450.8769233394
124.4266852407
22.8473193176
11.6619037897
28.3196045170
45.3431361950
50.9116882454
51.4781507049
53.3666562565
87.4642784227
110.0727032465
206.3443723488
289.2784126063
87.9204185613
27.1661554144
13.9283882772
41.0121933088
58.4636639290
53.1601354400
33.6154726279
34.5253530033
58.6003412959
61.6603600379
59.0084739677
50.3587132481
32.5576411922
12.8062484749
15.2315462117
26.8700576851
29.4278779391
37.7359245282
35.4400902933
37.3630833845
31.0161248385
22.3606797750
23.3238075794
41.2310562562
39.6988664826
43.9089968002
50.0399840128
44.3846820423
0.0000000000
0.0000000000
6.0000000000
4.2426406871
9.4868329805
16.1245154966
16.1245154966
8.9442719100
18.8679622641
115.3949738940
156.0833110874
76.8505042274
31.0161248385
46.1735855225
12.0000000000
84.8645980371
325.2814166226
183.1338308451
234.8829495728
324.6166970444
346.1618118742
402.4052683552
402.9416831255
297.8086634066
197.2308292332
144.8378403595
125.6741819150
125.1958465765
150.0000000000
245.2468144543
364.4008781548
221.4723459035
109.4440496327
85.1469318296
62.1288982680
53.7587202229
48.4148737476
42.5205832509
37.0135110466
53.3104117410
10.0000000000
172.2846481843
24.0416305603
221.0022624319
157.6134512026
606.8047461911
456.9660818923
72.6223106215
12.8062484749
45.2769256907
176.6465397340
365.7567497668
289.8827349119
281.8865019826
247.4065480136
171.2074764723
125.0999600320
35.4682957019
366.0737630588
621.5142798038
588.6000339789
402.2660810956
297.0151511287
325.5917689377
379.0514476954
429.9418565341
474.3437572057
504.8762224546
515.4046953608
485.5759466860
452.2057054041
522.7925018590
390.7556781417
51.6139516023
35.0142828000
55.0090901579
63.3245607960
46.8187996429
31.0483493925
3.1622776602
14.1421356237
10.0000000000
7.0710678119
11.4017542510
11.3137084990
7.0710678119
25.2982212813
34.0000000000
20.0997512422
28.3196045170
27.1661554144
27.4590604355
18.6010752377
17.4928556845
19.2353840617
42.4264068712
35.3553390593
24.0000000000
32.6496554346
55.0090901579
0.0000000000
0.0000000000
16.1245154966
19.0262975904
21.5870331449
24.0416305603
22.8035085020
10.0000000000
4.0000000000
54.9181208710
146.3488981851
151.7432041312
81.9390017025
48.0000000000
10.7703296143
106.8924693325
275.2235455044
344.0058139044
396.3079610606
308.0292193932
266.0300734879
235.7795580622
140.1855912710
39.1152144312
38.6264158317
41.1825205639
23.0217288664
16.4924225025
28.6356421266
206.7849124090
444.0833255145
229.2596780945
67.0671305484
71.3442359269
51.2445119013
40.0499687890
34.9284983931
36.0555127546
40.7185461430
50.1597448159
36.0555127546
162.9846618550
29.5296461205
171.2308383440
395.9116062962
602.4101592769
185.8009687811
11.4017542510
26.0000000000
20.2484567313
344.4706083253
357.7373338079
53.5350352573
230.7639486575
309.6837096135
277.9136556559
212.7580785775
130.6981254648
6.3245553203
227.1783440383
495.2595279245
632.0142403459
645.0007751933
642.2974388864
625.9792328824
596.1241481437
547.5216890681
487.6740714863
422.2984726470
337.9230681679
251.4478077057
369.0121949204
585.0008547002
349.0701935141
48.0000000000
55.4436651025
57.2712842531
42.0475920833
19.6977156036
5.6568542495
10.0000000000
10.2956301410
5.6568542495
5.0990195136
17.0880074906
28.2842712475
41.0121933088
35.4682957019
14.5602197786
21.6333076528
25.1793566240
20.2484567313
21.2602916255
29.4278779391
36.0555127546
40.2243707222
36.7695526217
14.7648230602
14.5602197786
48.6621002424
0.0000000000
0.0000000000
44.1814440687
43.0116263352
42.1900462195
47.0106370942
48.1040538832
28.2842712475
4.4721359550
13.9283882772
74.2024258364
166.9730517179
175.7270610919
100.6876357851
55.2268050859
89.5544527090
179.9777764059
218.0825531765
175.8010238878
148.2228052629
155.5956297587
121.6059209085
63.5609943283
43.1045241245
41.8807831827
37.2021504755
19.8494332413
14.1421356237
35.3553390593
217.6648800335
457.0273514791
214.0093455903
51.4781507049
71.3862731903
58.0517010948
48.1663783152
40.1995024845
39.2937654088
43.0116263352
46.8401537145
42.9418211072
153.5252422242
53.8516480713
103.0048542545
540.7124929202
413.9685978429
30.5941170816
4.4721359550
29.7321374946
199.6196383125
647.9135744835
391.4715826213
422.8001892147
138.1014120131
282.4535360019
281.8226392609
291.7807395974
244.3644818708
178.3704011320
137.6444695584
22.8035085020
185.9516066077
253.0019762769
226.0000000000
168.5763921787
112.9690223026
60.0166643525
19.2353840617
11.4017542510
31.9061122671
37.4432904537
80.1124210095
390.5124837953
589.8355703075
369.2072588669
103.3150521463
44.7213595500
24.0000000000
17.7200451467
22.1359436212
16.1245154966
8.6023252670
1.4142135624
14.4222051019
42.6380112107
50.0000000000
44.6542271235
28.1780056072
17.2046505341
11.6619037897
13.4164078650
22.8035085020
39.0128184063
53.7587202229
56.3205113613
49.3963561409
38.4187454246
17.2626765016
7.6157731059
42.4264068712
0.0000000000
0.0000000000
15.0332963784
11.0453610172
14.0000000000
32.8937684068
60.8276253030
67.2011904656
36.7695526217
11.4017542510
8.9442719100
82.8009661779
167.2602762164
183.6572895368
172.5398504694
165.2452722470
157.1559734786
149.3452376208
158.8080602488
160.2248420190
118.9621788637
70.2139587262
45.8911756223
41.0121933088
36.6878726557
31.4006369362
19.2353840617
12.6491106407
37.9473319220
224.2231031807
471.0010615699
208.0000000000
39.2937654088
71.0633520178
64.0312423743
56.0892146495
47.2652091924
43.0116263352
45.5411901469
42.7551166529
48.6621002424
122.9715414232
108.2958909654
267.3798795721
512.4548760623
201.9554406299
18.3847763109
30.8868904230
104.8904190096
522.4442553996
641.8301956125
187.5366630822
625.9792328824
240.8401959807
281.7374664470
266.8107943843
273.2105415243
280.9590717525
258.5884761547
236.5163842105
175.8408371227
54.9181208710
37.1214223865
37.1214223865
32.0624390838
27.4590604355
21.5406592285
15.6204993518
13.9283882772
18.0000000000
20.3960780544
14.0000000000
101.0445446326
389.1169490012
597.8360979399
476.2121376026
211.4000946074
48.1040538832
23.7065391823
30.2654919008
22.8473193176
10.7703296143
10.7703296143
39.8246155035
65.2993108693
50.7740090991
31.0161248385
15.0332963784
17.4928556845
10.0000000000
18.3847763109
27.8567765544
37.3630833845
41.7851648316
44.7213595500
47.8539444560
37.6563407675
24.7386337537
24.0831891576
47.2016948848
0.0000000000
0.0000000000
36.4965751818
35.1283361405
26.0000000000
14.7648230602
7.0710678119
48.2700735446
62.8012738724
34.4093010682
7.2111025509
24.7386337537
57.9827560573
106.3202708800
148.6606874732
169.0266251216
174.0114938732
158.0506248010
122.0245876863
76.1577310586
40.7185461430
28.1780056072
22.8035085020
26.3058928759
30.5941170816
29.1547594742
20.0997512422
16.1245154966
38.6005181312
212.7204738618
478.0292878057
221.7746604101
32.6496554346
69.6419413859
67.7200118133
62.0966987850
54.1294744109
49.2544414241
49.0102030194
40.0000000000
48.0416485979
75.2861208989
214.4574549882
425.7346591482
372.3358698809
72.2357252334
24.0416305603
84.2021377401
457.7553931960
637.0447394022
329.0288741129
114.9347641056
632.1550442732
450.2887962186
137.2953021775
263.0969403091
286.5135249862
273.8795355626
252.1785082040
291.1563154046
299.4294574687
124.8519122801
10.7703296143
10.0000000000
8.0000000000
8.2462112512
10.2956301410
13.0384048104
14.2126704036
18.8679622641
17.8885438200
16.1245154966
14.1421356237
76.5767588763
317.5059054569
572.1975183448
591.0414537069
379.0118731649
139.1186543926
24.2074368738
13.0384048104
23.5372045919
32.3109888428
59.6657355607
67.2011904656
34.4383507154
16.1245154966
9.0553851381
11.0453610172
9.0553851381
21.4009345590
16.1245154966
12.6491106407
22.8473193176
25.4950975680
33.1058907145
43.2897216438
54.3323108288
62.8012738724
74.4043009510
0.0000000000
0.0000000000
30.4630924235
30.3644529014
31.9061122671
30.3644529014
33.7342555869
19.6977156036
44.3846820423
51.9230199430
19.6468827044
22.6715680975
20.5912602820
24.7386337537
32.2490309932
39.6232255123
42.1900462195
41.1096095822
29.4278779391
16.0000000000
11.4017542510
8.6023252670
4.0000000000
11.0453610172
15.6204993518
21.9544984001
21.2132034356
21.4009345590
33.5261092285
167.1466422038
477.4599459641
269.1356535281
31.6227766017
67.7200118133
69.6419413859
65.9696900099
59.2283715798
54.5893762558
49.4974746831
41.5932686862
45.5411901469
27.4590604355
322.0993635511
509.6547851242
242.2436789681
41.0365690574
94.0212741883
461.1398920068
640.6777661196
361.3336408363
67.7790528113
27.7848879789
455.1505245520
662.5073584497
358.8119284528
11.0453610172
213.5602959354
280.3319460925
250.1999200639
269.5848660441
381.6935943922
290.2033769617
74.6860093994
35.1283361405
31.7804971641
22.0000000000
19.6468827044
19.6977156036
18.3847763109
18.3847763109
14.4222051019
10.7703296143
13.3416640641
8.2462112512
36.0555127546
193.4373283521
455.5809478018
612.6989472816
539.7869950267
313.3368794126
109.2886087385
22.8035085020
46.6904701197
72.1248916810
57.9827560573
22.0000000000
25.9615099715
20.8806130178
14.7648230602
14.5602197786
21.4009345590
21.4009345590
20.2484567313
30.2654919008
29.9666481275
36.7967389859
47.4130783645
60.2992537267
74.2159012611
90.0000000000
0.0000000000
0.0000000000
12.0830459736
2.0000000000
19.2353840617
29.1547594742
35.1283361405
36.6878726557
24.0831891576
58.0344725142
36.8781778292
23.7065391823
27.2029410175
21.5870331449
13.9283882772
11.3137084990
8.2462112512
18.6010752377
23.3238075794
18.4390889146
2.0000000000
5.8309518948
6.3245553203
17.8885438200
26.0768096208
24.2074368738
19.6468827044
24.0831891576
26.4196896272
114.7257599670
465.3815638807
319.3900436770
31.3049516850
62.8171950982
69.6419413859
70.3420215803
63.5609943283
57.2712842531
50.2195181180
43.9317652730
43.1740662898
16.4924225025
382.0471175130
567.2741841473
167.8689965419
149.9133082818
483.9855369740
627.2686824639
350.7506236630
68.6002915446
20.2484567313
19.2353840617
169.9941175453
505.9110593770
680.8494694130
538.1635439158
192.3018460650
123.4341929937
201.6928357677
282.5915780769
441.2029011691
484.5719760779
233.3452377916
58.8557558782
50.6951674225
43.9317652730
32.0000000000
25.4950975680
20.3960780544
15.2315462117
11.3137084990
8.6023252670
5.0990195136
11.6619037897
11.6619037897
4.4721359550
67.9411510059
261.7250465660
500.5377108670
606.8887871760
512.1406056934
302.5392536515
109.1787525116
51.2249938995
31.9061122671
16.1245154966
35.0142828000
32.2800247831
24.4131112315
29.0172362571
32.3109888428
31.6227766017
36.0555127546
43.8634243989
51.2249938995
56.7274184147
50.4777178565
41.7851648316
49.7393204618
75.4718490565
0.0000000000
0.0000000000
12.8062484749
12.0830459736
7.0710678119
12.1655250606
15.0332963784
22.3606797750
22.0000000000
50.6951674225
47.8539444560
14.5602197786
17.0293863659
5.0990195136
7.2111025509
10.0000000000
9.0553851381
12.6491106407
18.4390889146
23.0217288664
12.7279220614
9.8994949366
19.8494332413
28.2842712475
32.6496554346
20.0000000000
13.4164078650
20.0000000000
21.2602916255
82.2800097229
449.9644430397
359.4273222781
35.4400902933
53.3666562565
67.7200118133
73.4982993001
67.9117073854
58.4636639290
51.4198405287
44.9221548904
41.2310562562
43.5660418216
390.1281840626
582.7726829562
164.1036257978
532.9183802422
573.7333875591
298.3990616607
53.8516480713
22.3606797750
24.0831891576
20.8806130178
11.6619037897
91.2140340079
353.4176000145
623.2318990552
633.8611835410
361.2921255715
105.4229576515
169.1685549977
354.3557534456
570.5436004373
533.3235415768
245.7478382407
79.8498591107
61.9838688692
60.8276253030
45.5411901469
31.1448230048
22.0907220344
14.1421356237
8.9442719100
5.0990195136
5.8309518948
10.1980390272
10.0000000000
5.0990195136
13.0384048104
92.3146792228
305.4472131155
523.6506469012
605.1859218455
499.7299270606
282.7189417071
94.6678403683
40.5215991787
45.6070170040
40.2243707222
29.6984848098
21.0237960416
24.4131112315
40.1995024845
51.2445119013
59.4642749893
69.0651865993
62.4819974073
44.3846820423
32.3109888428
29.7321374946
80.0999375780
0.0000000000
0.0000000000
13.9283882772
16.1245154966
6.3245553203
4.2426406871
4.4721359550
4.4721359550
13.3416640641
45.6946386352
49.3355855342
15.0332963784
25.4950975680
13.0384048104
7.0710678119
7.2111025509
5.8309518948
8.0000000000
15.5563491861
23.0217288664
18.6010752377
15.2315462117
21.9544984001
28.1780056072
27.4590604355
12.0830459736
10.2956301410
13.9283882772
12.0830459736
69.1809222257
422.5730706044
383.5101041694
52.4976189936
41.2310562562
65.9696900099
73.7563556583
69.1230786351
60.7289058028
53.1413210223
45.6946386352
39.4461658466
62.8171950982
336.6303610787
508.6236329547
384.2317009306
512.1757510855
213.6539257772
42.4264068712
24.4131112315
28.6356421266
23.4093998214
19.6977156036
14.4222051019
20.2484567313
15.0332963784
186.0376306020
462.7094120504
569.3803649583
474.5966708691
222.4095321698
105.1189802081
314.2005728830
577.4028056738
576.9332717048
344.8854882421
147.1393896956
61.4003257320
31.4006369362
13.4164078650
8.0000000000
5.6568542495
9.0553851381
15.2970585408
20.0997512422
26.0768096208
35.1283361405
46.3896540190
53.0094331228
44.7213595500
43.1045241245
131.0343466424
310.0354818404
482.9451314591
534.6494178431
418.2654659424
197.7523704030
48.2700735446
30.0000000000
26.4196896272
11.4017542510
28.6356421266
45.0998891351
61.0737259384
74.5251635355
72.1110255093
47.7074417675
30.4630924235
26.3058928759
12.0830459736
96.1873172513
0.0000000000
0.0000000000
19.0262975904
12.0000000000
3.1622776602
2.8284271247
6.3245553203
4.2426406871
15.8113883008
52.0000000000
48.3735464898
23.5372045919
32.2490309932
31.9061122671
14.5602197786
4.2426406871
4.0000000000
3.1622776602
8.6023252670
18.8679622641
15.5563491861
10.7703296143
26.0768096208
31.9061122671
18.8679622641
3.1622776602
4.2426406871
4.4721359550
18.3847763109
69.5701085237
363.7279202921
398.2461550348
91.7605579756
27.8926513620
64.7610994348
73.0068489938
67.7200118133
61.3514466007
53.3104117410
46.0434577329
44.2040722106
66.0302960769
249.5796466060
312.4355933629
238.6000838223
239.0188277103
64.6374504448
40.4969134626
31.7804971641
30.4630924235
24.6981780705
19.2353840617
15.6204993518
8.9442719100
13.3416640641
30.3644529014
43.8406204336
338.0000000000
642.6460923401
310.0580590793
35.6931365951
39.8246155035
224.0892679269
477.5981574504
585.8668790775
509.0324154708
380.1315561750
268.8122021040
183.1338308451
133.3641631024
109.7724920005
100.1798382909
101.0445446326
107.0420478130
117.1067888724
137.4408963882
173.4012687381
221.5310362003
270.1592123175
322.8931711882
384.8792018283
421.5400336860
382.8237192234
288.1700886629
317.7200025179
257.2353008434
59.2114853723
19.6468827044
24.3310501212
7.2111025509
32.5576411922
51.4198405287
67.9117073854
79.2464510246
67.6017751246
40.4474968323
16.5529453572
5.6568542495
12.0830459736
105.8017013096
0.0000000000
0.0000000000
21.2602916255
21.2602916255
11.4017542510
7.2111025509
8.6023252670
5.8309518948
26.0000000000
61.3514466007
39.8246155035
11.4017542510
14.4222051019
27.0185121722
27.2029410175
13.0384048104
0.0000000000
8.0000000000
12.6491106407
10.0000000000
8.6023252670
22.3606797750
35.3553390593
25.4950975680
8.4852813742
1.4142135624
4.4721359550
18.4390889146
41.2310562562
40.0249921924
283.2137002336
427.5347939057
152.1906698849
12.6491106407
61.6116872030
70.3420215803
65.7875368136
62.2414652784
53.2541078228
48.0832611207
63.6396103068
206.1843835018
392.2371731491
254.9509756796
207.9663434309
173.2974321795
83.3546639367
53.2353266168
36.7151195014
33.6154726279
26.8328157300
20.0000000000
17.0293863659
11.6619037897
10.7703296143
21.9544984001
35.4682957019
359.3772391235
710.7925154361
271.9007171745
47.8539444560
7.2111025509
28.6356421266
113.2166065558
303.8321905263
483.9214812343
580.1551516620
611.4981602589
605.8514669455
587.9625838436
573.5451159238
568.0563352345
570.0035087611
570.0140349149
567.1066919020
570.6873049228
583.2340867953
594.6427498927
594.7049688711
582.7400792806
558.6573189353
532.8451932785
526.9724850502
511.7518930107
392.7594683773
189.7630100942
40.7921561087
24.0416305603
20.0000000000
29.9666481275
57.9827560573
73.6613874428
71.6100551599
71.5122367151
58.8557558782
35.0142828000
15.6204993518
26.4196896272
34.9857113691
108.9311709292
0.0000000000
0.0000000000
11.6619037897
22.1359436212
20.3960780544
11.4017542510
11.6619037897
9.0553851381
36.6878726557
64.0312423743
23.4093998214
1.4142135624
1.4142135624
11.3137084990
22.6715680975
26.4196896272
22.1359436212
16.5529453572
12.0830459736
14.1421356237
26.5706605112
35.7770876400
28.8444102037
14.4222051019
7.0710678119
5.8309518948
14.5602197786
37.4432904537
35.8050275799
5.0990195136
198.0403999188
456.2126697057
238.6629422428
8.9442719100
53.8516480713
67.0671305484
63.9531078213
63.0079360081
57.9827560573
80.2246844805
256.0312480929
434.9919539486
410.1146181252
241.8966721557
288.0555501982
193.7059627373
102.8591269650
66.2419806467
43.9089968002
37.7359245282
31.4006369362
24.0416305603
21.2132034356
14.7648230602
13.9283882772
20.2484567313
33.1058907145
480.4768464765
660.2317774842
150.5456741325
37.0135110466
11.4017542510
21.6333076528
15.6204993518
25.6124969497
84.9705831450
193.1320791583
309.8644865098
397.1120748605
442.0000000000
460.6256614649
464.1077461107
454.0176208034
437.0560604774
415.0108432318
381.1587595740
334.4398301638
279.8356660614
223.5039149545
170.2938636593
125.3235811809
94.3398113206
70.2139587262
46.0651712251
26.6833281283
19.6977156036
23.3238075794
20.3960780544
15.8113883008
52.6307894678
72.2495674728
70.7248188403
63.7808748764
56.6038867923
41.9761837236
24.1660919472
25.1793566240
43.5660418216
53.2353266168
105.1189802081
0.0000000000
0.0000000000
8.0000000000
18.4390889146
24.0416305603
20.0997512422
7.0710678119
6.3245553203
46.8187996429
55.3172667438
12.1655250606
2.0000000000
4.4721359550
5.8309518948
8.6023252670
14.7648230602
22.8035085020
30.5941170816
36.2215405525
37.3363094052
31.6227766017
19.2353840617
10.0000000000
7.2111025509
5.0990195136
5.8309518948
29.4278779391
45.5411901469
15.6204993518
20.0000000000
103.9422916815
444.3624646615
348.0488471465
24.4131112315
36.1386219992
62.0322496771
57.7061521850
54.9181208710
68.1175454637
249.7038245602
407.8357512529
306.2352037242
111.5168148756
117.4137981670
307.3792445823
262.8802008520
120.3411816462
78.2943165243
53.2541078228
41.4004830890
35.4682957019
28.2842712475
24.0416305603
17.8885438200
18.3847763109
13.0384048104
81.0061726043
579.3271959782
572.7076042799
52.0000000000
19.6468827044
9.8994949366
15.6204993518
24.6981780705
24.6981780705
4.2426406871
16.4924225025
13.4164078650
15.6204993518
35.3553390593
32.8024389337
25.4950975680
18.8679622641
16.5529453572
17.4928556845
15.8113883008
7.6157731059
19.0262975904
26.8328157300
21.9544984001
14.4222051019
13.4164078650
15.8113883008
18.4390889146
10.2956301410
12.8062484749
17.2046505341
6.3245553203
38.1837661841
59.8163857150
52.8015151298
43.3820239270
45.1220566907
32.0624390838
25.4950975680
23.7065391823
31.3049516850
50.9901951359
63.0079360081
102.6255328853
0.0000000000
0.0000000000
7.0710678119
12.0000000000
24.0831891576
20.8806130178
13.3416640641
32.6496554346
55.6057550978
38.4707681233
11.6619037897
6.3245553203
4.0000000000
5.8309518948
5.6568542495
4.4721359550
1.4142135624
6.3245553203
13.0384048104
14.1421356237
8.0000000000
2.0000000000
3.1622776602
4.2426406871
3.1622776602
10.2956301410
36.8781778292
40.0499687890
5.8309518948
17.0293863659
27.8567765544
376.2578902827
443.6056807571
79.3095202356
15.2970585408
55.7853027239
51.9230199430
41.6173040934
194.3707796969
369.1124489908
253.2429663387
55.3172667438
3.1622776602
40.0000000000
233.3109513075
347.3326935375
197.3676771916
84.1189633793
61.8546683768
47.0106370942
38.2883794382
32.5576411922
26.8700576851
19.6977156036
18.3847763109
11.4017542510
140.9184161137
633.5929292535
477.1771159643
7.2111025509
2.0000000000
8.9442719100
14.1421356237
20.2484567313
31.0483493925
36.3593179254
33.0151480384
39.2937654088
40.4969134626
61.3514466007
60.4152298680
49.3963561409
42.9418211072
42.4499705536
49.0306026885
56.9209978830
53.8516480713
44.3846820423
40.5215991787
40.4474968323
36.6878726557
28.1780056072
17.0293863659
18.3847763109
18.6010752377
17.4928556845
2.0000000000
35.3836120259
52.4022900263
48.6004115209
34.4383507154
25.1793566240
34.4383507154
37.7359245282
42.3792402008
42.7551166529
43.0813184571
59.4138031101
69.2964645563
98.4784240329
0.0000000000
0.0000000000
13.0384048104
15.6204993518
20.2484567313
17.2626765016
39.8246155035
61.0737259384
45.3431361950
21.2602916255
10.0000000000
4.4721359550
4.4721359550
5.6568542495
5.8309518948
7.0710678119
1.4142135624
7.0710678119
5.0990195136
2.0000000000
4.4721359550
0.0000000000
1.4142135624
1.4142135624
1.4142135624
15.2970585408
35.3553390593
28.0713376952
7.2111025509
6.3245553203
28.0000000000
270.9132702545
487.9877047631
172.0697532979
8.4852813742
51.4781507049
48.7647413609
115.4209686322
331.7167466379
264.1401143333
57.2013985843
9.4868329805
15.0332963784
13.9283882772
103.2763283623
330.0000000000
348.9068643635
150.9503229543
54.2033209315
52.6307894678
43.9317652730
36.8781778292
29.7321374946
19.2353840617
17.0880074906
21.9544984001
184.2009771961
658.5392926774
415.5622697021
28.1780056072
11.3137084990
12.1655250606
24.6981780705
25.6124969497
75.9605160593
108.9770618066
104.0768946501
115.3776408148
80.3990049690
55.4436651025
74.7930478053
71.1758385971
71.8052922841
67.1863081290
44.2040722106
23.4093998214
14.7648230602
32.9848450049
39.8497176903
34.2052627530
34.9284983931
41.1096095822
45.0111097397
42.7551166529
32.9848450049
18.9736659610
22.0907220344
48.3321838944
37.2021504755
28.1780056072
22.3606797750
14.5602197786
20.2484567313
40.0000000000
65.0076918526
75.5380698721
66.2721661031
69.8140387028
70.7248188403
87.2353139503
0.0000000000
0.0000000000
32.9848450049
43.6806593357
48.7031826475
59.0931468108
68.2495421230
49.6789693935
19.8494332413
5.8309518948
3.1622776602
4.2426406871
0.0000000000
4.2426406871
7.2111025509
8.9442719100
4.4721359550
7.6157731059
4.0000000000
4.4721359550
3.1622776602
3.1622776602
3.1622776602
4.0000000000
4.4721359550
18.4390889146
35.1283361405
22.0907220344
7.0710678119
2.8284271247
33.7342555869
160.3309078126
477.9037560011
274.5541840876
17.0880074906
53.4602656185
43.1740662898
269.6145396673
306.4375956047
90.5207158611
11.4017542510
18.4390889146
17.2626765016
13.0384048104
21.2132034356
166.8772003600
397.4845908963
338.7535977669
105.3090689352
33.1058907145
44.2040722106
41.2310562562
34.0587727319
21.4009345590
13.9283882772
26.8328157300
193.1269012851
664.0000000000
403.0310161762
31.7804971641
12.0830459736
19.8494332413
30.0000000000
49.0917508345
149.4857852774
164.2680735870
119.6829144030
180.9419796509
149.0838690134
45.6946386352
68.9637585983
70.3846574191
56.9385633819
109.6357605893
181.5709227823
205.9951455739
186.4296113819
115.6027681329
20.2484567313
22.6274169980
17.4928556845
26.0000000000
37.1214223865
41.3037528561
39.0128184063
27.7848879789
40.4474968323
48.0416485979
28.0713376952
20.0000000000
15.2970585408
11.4017542510
23.4093998214
56.6038867923
76.6550715869
82.8733974204
73.5527021937
64.8845127900
48.0832611207
63.9531078213
0.0000000000
0.0000000000
60.7289058028
62.8171950982
65.8027355054
65.3911308971
47.4130783645
21.4009345590
8.9442719100
4.4721359550
5.0990195136
2.8284271247
2.0000000000
1.4142135624
5.8309518948
8.9442719100
4.2426406871
4.0000000000
3.1622776602
4.2426406871
1.4142135624
4.0000000000
3.1622776602
2.0000000000
1.4142135624
17.0293863659
37.0135110466
23.0217288664
6.0000000000
4.2426406871
22.3606797750
69.8569967863
432.4835256978
375.8324094593
53.2353266168
37.1214223865
192.2758435165
356.4323217667
160.4306703844
22.8473193176
13.4164078650
14.5602197786
15.2970585408
16.1245154966
12.8062484749
27.8567765544
226.4906179072
443.0914126904
341.1187476525
100.9554357130
22.0907220344
35.3553390593
34.9857113691
22.6715680975
11.0453610172
24.1660919472
164.4384383288
655.4784512095
436.7745413826
24.3310501212
9.4868329805
26.4196896272
6.3245553203
107.7032961427
210.3806074713
174.6138597019
99.7296345125
224.1785003072
207.8701517775
60.8276253030
60.9261848469
70.2139587262
185.5693940282
249.3872490726
212.0094337524
181.2015452473
208.1730049742
250.7269431074
164.0487732353
27.0185121722
19.7989898732
21.9544984001
15.8113883008
15.2315462117
18.0000000000
34.4093010682
49.9799959984
50.0000000000
34.9284983931
18.9736659610
15.8113883008
32.5576411922
68.6002915446
98.4784240329
84.8999411072
72.2772439984
65.8027355054
44.4072066223
13.9283882772
53.0848377599
0.0000000000
0.0000000000
43.6577599059
34.1760149813
24.6981780705
17.8885438200
7.0710678119
1.4142135624
6.3245553203
7.0710678119
6.0000000000
7.0710678119
4.0000000000
2.0000000000
4.4721359550
8.2462112512
4.4721359550
1.4142135624
1.4142135624
2.8284271247
1.4142135624
4.0000000000
5.0990195136
2.0000000000
1.4142135624
13.3416640641
38.4707681233
28.0713376952
2.0000000000
4.0000000000
7.0710678119
17.0293863659
355.8005059018
460.5475002646
128.1327436684
75.4320886626
393.7943625803
318.2011942152
104.8618138313
24.4131112315
14.7648230602
12.6491106407
12.1655250606
11.4017542510
11.4017542510
8.4852813742
44.0454310911
253.2113741521
499.6078462154
429.4391691497
142.1267040355
22.3606797750
27.2029410175
23.3238075794
8.9442719100
18.8679622641
108.6738238952
624.8871898191
507.7991729020
2.8284271247
21.0237960416
26.0768096208
34.9284983931
165.4629867977
226.3846284534
145.1206394694
82.0365772080
235.7625924527
251.8134229941
107.0420478130
33.0151480384
182.7894964160
269.2953768634
153.3231880702
65.9241988954
57.0087712550
51.4003891036
169.7291960742
255.2488981367
89.4986033411
37.7359245282
36.8781778292
43.9317652730
33.2866339542
11.3137084990
23.1948270095
46.8401537145
51.8652099196
40.4969134626
33.5261092285
48.2700735446
74.8465096047
105.3944970100
99.1261822124
66.1211010193
60.7453701939
61.4654374425
51.2640224719
40.5215991787
65.8027355054
0.0000000000
0.0000000000
9.8994949366
6.3245553203
4.2426406871
11.3137084990
11.4017542510
7.0710678119
8.4852813742
11.6619037897
5.6568542495
1.4142135624
1.4142135624
3.1622776602
5.6568542495
8.6023252670
7.2111025509
5.0990195136
4.4721359550
4.2426406871
3.1622776602
4.0000000000
7.0710678119
3.1622776602
4.4721359550
10.0000000000
36.7151195014
41.5932686862
9.8994949366
2.0000000000
1.4142135624
33.3766385366
253.9960629616
508.8123426176
221.9234102117
272.8002932550
494.7827806220
198.6353442870
171.5109325961
68.1175454637
20.0997512422
13.9283882772
14.1421356237
15.2970585408
15.2970585408
15.0332963784
10.0000000000
52.4785670536
263.1387466718
598.8271870916
556.1025085360
203.6909423612
27.1661554144
16.1245154966
10.7703296143
8.9442719100
46.1735855225
535.4941643006
598.1638571495
106.3296760082
15.0332963784
9.8994949366
83.4865258590
198.6001007049
204.9780476051
105.0047617968
60.0333240792
217.8164364781
274.5651106750
166.3309953075
58.9406481132
277.9496357256
218.2887995294
72.8010988928
70.9365914039
73.4982993001
74.4311762637
78.2304288624
258.0891318905
173.6778627229
74.2428447731
60.0000000000
71.0633520178
58.1377674150
38.4707681233
16.4924225025
32.5576411922
46.3249392876
46.3249392876
47.0106370942
61.7413961617
81.8413098624
83.6301381082
53.0094331228
32.5576411922
39.9249295554
48.7647413609
52.3259018078
55.4436651025
72.2495674728
0.0000000000
0.0000000000
5.0990195136
9.4868329805
9.0553851381
10.0000000000
11.3137084990
7.6157731059
8.4852813742
11.4017542510
13.9283882772
11.4017542510
5.8309518948
2.8284271247
3.1622776602
4.4721359550
5.6568542495
4.2426406871
2.8284271247
4.4721359550
7.6157731059
7.6157731059
7.2111025509
2.8284271247
3.1622776602
6.0000000000
24.0831891576
50.2195181180
32.6496554346
4.4721359550
5.0990195136
36.0555127546
145.6021977856
519.3534441977
275.6011611006
459.6542178638
425.7511009968
106.0660171780
171.2133172391
170.8800749064
95.0157881618
31.0483493925
16.1245154966
16.1245154966
15.0332963784
14.1421356237
18.1107702763
56.8858506133
132.8533025559
267.5294376326
666.1246129667
602.4549775709
220.7306050370
26.5706605112
6.3245553203
10.7703296143
8.9442719100
384.7622642620
638.2005954244
264.3066400982
30.2324329157
17.8885438200
129.6533840669
203.1600354400
168.2676439486
75.0599760192
41.3037528561
189.2141643747
267.6863836657
193.8298222669
108.4527546907
318.2200496512
190.0789309734
99.8098191562
114.5600279330
94.4033897696
87.9659024850
65.6201188661
216.1712284278
200.2498439450
92.0869154658
62.2896460096
74.9666592560
65.1152823844
50.0000000000
30.2324329157
6.0000000000
34.4383507154
51.2640224719
50.0399840128
57.9827560573
60.8769250209
50.2195181180
32.6496554346
28.2842712475
33.7342555869
42.1900462195
40.2243707222
29.1547594742
49.0917508345
0.0000000000
0.0000000000
11.4017542510
10.7703296143
7.0710678119
5.8309518948
8.4852813742
9.4868329805
11.4017542510
8.9442719100
10.1980390272
13.0384048104
11.4017542510
7.6157731059
3.1622776602
2.0000000000
5.8309518948
7.2111025509
2.8284271247
5.8309518948
9.4868329805
12.0000000000
16.1245154966
18.1107702763
14.5602197786
8.6023252670
6.0000000000
38.4707681233
50.5371150740
20.0000000000
12.8062484749
23.1948270095
52.8015151298
465.9291791678
287.5065216652
510.7563019680
265.6689669495
59.0592922409
104.5466403095
181.8350901229
196.2090721654
125.5388386118
49.7393204618
17.0880074906
12.0000000000
15.8113883008
21.5870331449
51.4781507049
155.5442059352
120.0749765771
300.4130489842
623.9439077353
534.7597591442
246.6576574931
44.0454310911
9.4868329805
26.0768096208
227.7718156401
610.1606345873
403.5665992126
73.8241153012
45.6508488421
166.3790852241
185.4400172563
121.9262071911
53.8516480713
66.7083203206
163.2482771731
212.7204738618
182.9808733174
193.1320791583
313.6654268484
170.5579080547
69.3541635376
85.6154191720
66.8879660328
54.4058820349
22.3606797750
162.3083485222
154.7384890711
50.4777178565
32.6496554346
57.5847201956
50.1198563446
44.6542271235
35.6089876295
24.0416305603
27.2029410175
46.6904701197
55.0817574157
56.7978872847
49.8196748283
48.1663783152
40.2243707222
34.0587727319
36.0555127546
43.9089968002
45.2769256907
21.5406592285
45.6946386352
0.0000000000
0.0000000000
9.4868329805
10.7703296143
10.1980390272
2.8284271247
3.1622776602
2.8284271247
7.6157731059
5.6568542495
4.0000000000
8.9442719100
8.9442719100
5.6568542495
5.8309518948
4.0000000000
4.0000000000
10.0000000000
26.8700576851
42.3792402008
53.7587202229
63.3876959670
66.0302960769
56.0892146495
41.2310562562
30.2324329157
18.8679622641
17.0293863659
39.6988664826
46.8187996429
35.1283361405
13.3416640641
11.3137084990
309.0275068663
326.9740050830
386.2874577306
119.8165264060
20.2484567313
22.8035085020
60.0000000000
140.2069898400
183.2157198496
139.5206077968
69.3541635376
31.0483493925
26.0000000000
31.0161248385
51.8652099196
142.0422472365
134.5362404707
115.1086443322
330.1514803844
456.1688283958
492.9462445338
298.9180489699
73.5391052434
26.5706605112
104.8618138313
548.6456051041
533.8333073161
120.0166655094
81.3019064967
182.7840255602
153.3101431739
69.1809222257
58.0344725142
103.5857133006
113.6485811614
111.8928058456
181.6039647144
241.4042253151
236.4571842850
107.4243920160
32.2800247831
71.0633520178
61.0737259384
28.6006992922
66.5281895139
145.4991408909
118.5326959113
35.1283361405
33.0151480384
51.0881590978
41.0121933088
36.0555127546
31.1448230048
38.0000000000
37.6563407675
25.4950975680
37.6563407675
47.4130783645
52.8393792545
53.0094331228
39.4461658466
31.0161248385
30.0665927567
36.7151195014
53.7587202229
39.8246155035
45.2769256907
0.0000000000
0.0000000000
3.1622776602
12.6491106407
10.0000000000
3.1622776602
5.8309518948
5.0990195136
3.1622776602
6.0000000000
9.0553851381
12.0830459736
9.0553851381
3.1622776602
5.8309518948
9.0553851381
0.0000000000
34.0000000000
53.7587202229
50.5371150740
55.7135531087
66.4830805544
71.0633520178
68.8767014309
54.4058820349
42.1900462195
36.7151195014
17.0880074906
9.0553851381
30.5941170816
40.4969134626
36.0555127546
26.6833281283
125.2517464948
192.2602402994
155.0806241927
32.5269119346
4.4721359550
12.1655250606
14.7648230602
25.4950975680
101.9803902719
161.7219836633
130.3840481041
60.2162768693
25.9615099715
24.4131112315
44.7213595500
136.0661603780
124.7878199185
118.2708755358
218.0366941595
175.2769237521
368.4019543922
515.4609587544
390.2025115245
154.1492782987
33.2866339542
451.1363430272
632.7922249838
185.2241884852
117.3371211510
167.7200047699
112.5877435603
27.0185121722
79.3221280602
92.6498785752
34.6698716467
63.8905313799
147.3838525755
176.7766952966
132.5745073534
52.3450093132
36.7695526217
65.9696900099
48.0416485979
32.8937684068
112.0446339634
158.6001261034
115.9741350474
58.8727441181
49.6789693935
56.6038867923
48.8262224629
39.8246155035
31.9061122671
30.0665927567
42.7551166529
35.3553390593
28.8444102037
44.0454310911
50.0000000000
39.8246155035
28.1780056072
25.1793566240
28.2842712475
32.3109888428
48.7647413609
65.2533524043
78.2943165243
0.0000000000
0.0000000000
13.9283882772
13.0384048104
8.4852813742
8.6023252670
7.2111025509
4.4721359550
4.4721359550
10.0000000000
9.4868329805
16.1245154966
13.0384048104
5.8309518948
5.0990195136
12.1655250606
11.6619037897
64.4049687524
59.4642749893
38.0788655293
45.2769256907
49.0917508345
47.0106370942
63.8905313799
62.2896460096
41.8807831827
40.2243707222
35.3553390593
22.3606797750
6.3245553203
14.7648230602
17.4928556845
14.7648230602
17.0293863659
13.3416640641
5.8309518948
2.8284271247
1.4142135624
12.6491106407
19.6977156036
5.6568542495
18.6010752377
92.6174929481
141.8731828077
109.4805918873
53.1413210223
22.8035085020
44.9444101085
133.2216198670
119.7079780132
121.4989711891
189.6628587784
110.5712440013
165.9457742758
326.2636970305
479.4538559653
443.0011286667
250.7149776140
269.7850996627
684.8080022897
284.1548873414
136.8941196692
137.4190670904
73.0068489938
37.0135110466
79.0569415042
38.2883794382
36.0555127546
84.7584804017
97.1287804927
78.2432105681
40.8166632639
23.5372045919
42.9418211072
61.4003257320
26.3058928759
60.8276253030
159.1540134587
185.6071119327
132.9135057095
94.0850678907
69.4262198308
61.2209114601
49.4974746831
38.2099463491
25.6124969497
10.7703296143
42.4264068712
57.0788927713
31.9061122671
37.4432904537
37.7359245282
23.3238075794
19.6977156036
18.3847763109
23.0217288664
30.3644529014
37.3363094052
61.6603600379
89.5544527090
0.0000000000
0.0000000000
11.6619037897
10.7703296143
9.4868329805
8.4852813742
7.0710678119
8.2462112512
13.4164078650
12.1655250606
7.2111025509
15.8113883008
12.6491106407
10.1980390272
7.0710678119
7.6157731059
36.0555127546
84.0951841665
48.1040538832
29.5296461205
45.8039299624
35.3836120259
20.3960780544
44.6542271235
60.4152298680
36.7967389859
32.5576411922
39.8246155035
34.1760149813
12.8062484749
15.8113883008
13.0384048104
2.8284271247
0.0000000000
3.1622776602
7.0710678119
5.0990195136
3.1622776602
5.8309518948
17.0293863659
17.2046505341
8.0000000000
35.4682957019
100.6578362573
141.6615685357
131.8483977908
98.9949493661
80.6225774830
127.3891675144
107.9351657246
114.1402645870
130.0845878650
136.0000000000
153.1012736720
166.0120477556
247.8144467137
439.3859351413
573.8728082075
270.3257294451
549.6125908310
411.1301497093
134.5288073239
120.3411816462
41.2310562562
61.2045749924
60.8276253030
4.0000000000
51.4198405287
90.5538513814
91.2688336728
52.0384473250
15.0332963784
18.4390889146
47.7074417675
54.6260011350
7.0710678119
95.8018788960
197.3423421367
171.3534359154
73.5391052434
53.6656314600
39.0128184063
39.8246155035
29.8328677804
18.9736659610
9.0553851381
2.0000000000
41.0121933088
68.0294054068
40.5215991787
37.7359245282
43.0116263352
38.4707681233
41.5932686862
39.3192065027
35.3553390593
37.3363094052
41.1096095822
45.2769256907
45.3431361950
0.0000000000
0.0000000000
7.0710678119
5.6568542495
7.2111025509
6.3245553203
14.2126704036
48.8466989673
79.7119815335
91.0054943396
86.5794432877
73.5391052434
49.7393204618
29.7321374946
12.7279220614
10.0000000000
46.1735855225
79.2464510246
24.0416305603
18.9736659610
41.7612260356
17.8885438200
2.0000000000
32.5576411922
51.0881590978
24.7386337537
26.4196896272
41.7612260356
35.4682957019
19.2353840617
15.8113883008
2.8284271247
6.3245553203
9.0553851381
10.7703296143
9.0553851381
8.9442719100
8.6023252670
5.8309518948
8.4852813742
14.2126704036
11.4017542510
18.1107702763
42.5440947724
85.9069263797
127.8123624694
144.5337330868
123.1015840678
99.0858213873
92.3471710449
107.0794097854
62.4819974073
87.2353139503
148.9227987919
186.8100639687
163.9756079422
210.5231578711
446.1793361419
619.0977305725
375.3531670307
340.0000000000
120.3411816462
116.4989270337
47.0106370942
80.0624756050
66.8879660328
24.0000000000
51.2445119013
91.4111590562
90.6090503206
44.3846820423
17.7200451467
28.4604989415
46.8187996429
42.3792402008
14.1421356237
122.1883791528
222.4454989430
154.9838701285
30.0665927567
35.7770876400
13.9283882772
21.9544984001
14.7648230602
5.8309518948
16.5529453572
14.2126704036
42.0000000000
75.3259583411
53.7587202229
29.5296461205
28.2842712475
28.6356421266
17.0293863659
12.0830459736
12.1655250606
11.0453610172
11.4017542510
14.5602197786
25.4950975680
0.0000000000
0.0000000000
7.0710678119
7.0710678119
5.6568542495
57.4282160614
125.2198067400
162.5607578722
159.6558799418
138.5207565674
128.1327436684
130.9198227924
119.8665925102
89.3756118860
36.7695526217
6.3245553203
34.7850542619
78.4346862045
36.0555127546
24.7386337537
38.2099463491
10.0000000000
13.0384048104
48.3735464898
54.6443043693
19.6977156036
24.6981780705
41.9761837236
21.0237960416
15.2970585408
16.0000000000
11.6619037897
10.2956301410
11.4017542510
9.0553851381
5.0990195136
5.8309518948
8.6023252670
8.6023252670
7.2111025509
11.4017542510
14.0000000000
15.2970585408
14.1421356237
21.5870331449
43.6806593357
65.3758365147
74.0270220933
36.7695526217
79.5110055275
109.0412765883
25.1793566240
80.9567785920
86.2786184405
143.2829368767
133.0037593454
65.5133574166
75.0599760192
305.3686296920
343.9912789592
129.6533840669
116.1034021896
121.8277472500
92.0217365626
125.2996408614
129.5299193237
76.0263112350
48.2700735446
97.7445650663
91.7605579756
33.6154726279
11.4017542510
35.0142828000
47.2652091924
33.1360830516
27.4590604355
140.0357097315
240.1416248800
148.2228052629
35.7770876400
42.8018691181
25.9615099715
24.4131112315
13.4164078650
10.7703296143
6.0000000000
22.3606797750
49.4772675074
74.6726188104
36.7967389859
94.1488183675
155.1579840034
188.1754500460
191.5254552272
176.7257762750
164.0487732353
160.0000000000
159.0282993684
156.3201842374
146.0136979876
0.0000000000
0.0000000000
10.1980390272
14.4222051019
89.4986033411
160.3121954188
161.4744561843
114.4901742509
68.0294054068
43.2897216438
45.1220566907
72.0138875496
103.7304198391
126.6570171763
110.5712440013
89.4427191000
58.0000000000
51.2445119013
49.8196748283
29.1204395571
28.6006992922
38.0000000000
59.0931468108
75.1664818919
55.8032257132
35.1283361405
38.8329756779
37.4432904537
7.0710678119
9.8994949366
13.3416640641
22.3606797750
14.2126704036
29.1204395571
39.0128184063
27.3130005675
7.2111025509
5.6568542495
7.6157731059
4.2426406871
7.0710678119
9.0553851381
7.0710678119
6.3245553203
5.0990195136
3.1622776602
1.4142135624
64.0312423743
11.4017542510
78.0256368125
121.3342490808
17.2046505341
102.0784012414
38.9101529167
98.9545350148
114.4377560074
61.4654374425
60.9261848469
45.0998891351
101.2422836566
132.0151506457
130.9732797177
106.4048871058
101.9215384499
143.1782106328
180.0999722376
152.0526224700
72.0277724215
105.1189802081
97.5089739460
32.2800247831
10.2956301410
36.2215405525
52.0384473250
31.1448230048
37.0135110466
156.8183662713
256.2654873369
146.8400490330
45.2769256907
50.9313263130
34.7850542619
24.3310501212
14.1421356237
17.8885438200
26.5706605112
24.0831891576
32.6496554346
81.7067928633
158.3982323134
227.1783440383
244.1352084399
254.1259530233
267.6863836657
273.9671513156
273.1483113622
273.0018314957
274.0291955249
276.1811000051
270.7323401443
0.0000000000
0.0000000000
15.8113883008
95.1314879522
168.3151805394
130.2075266642
50.0000000000
6.3245553203
17.2046505341
13.0384048104
4.0000000000
11.4017542510
60.8276253030
158.8080602488
240.3039741661
247.9354754770
205.9757267253
142.2251735805
64.1248781675
8.2462112512
32.2490309932
59.0931468108
83.6301381082
76.4852927039
44.3846820423
29.4278779391
21.9544984001
11.0453610172
13.3416640641
14.2126704036
7.2111025509
19.8494332413
61.7413961617
110.7248842853
114.2803570173
95.0157881618
51.0881590978
3.1622776602
12.1655250606
7.6157731059
7.2111025509
3.1622776602
2.0000000000
0.0000000000
2.0000000000
2.0000000000
3.1622776602
67.0671305484
12.1655250606
77.0064932327
136.2350909274
15.2315462117
115.2128465059
28.0000000000
95.0052630121
145.7737973711
97.0463806641
56.5685424949
59.4810894319
77.1751255263
145.5815922430
135.2996674054
96.1873172513
74.6324326282
73.0068489938
138.9748178628
178.3928249678
114.2365965880
104.8904190096
104.3072384832
53.2353266168
47.7074417675
36.8781778292
60.0832755432
33.6154726279
50.3587132481
176.4086165696
262.9220416778
138.3112432162
28.4253408071
45.2548339959
36.7151195014
24.0416305603
20.3960780544
23.0217288664
8.6023252670
54.9181208710
126.6491215919
189.8894415180
216.3330765278
186.7243958351
135.8234147708
119.0042016065
128.1327436684
140.0357097315
147.1665722914
151.0297983843
153.0294089383
160.0124995118
180.2720166859
0.0000000000
0.0000000000
74.0945342114
162.5423021862
125.6025477449
28.3196045170
7.2111025509
10.2956301410
12.8062484749
11.6619037897
5.8309518948
37.2021504755
126.5069168069
193.3132173443
212.0000000000
218.8332698654
210.2189334955
184.0489065439
146.4854941624
76.3806258157
27.8567765544
49.6789693935
51.6139516023
27.4590604355
14.2126704036
16.1245154966
23.5372045919
30.0000000000
25.0199920064
12.1655250606
9.0553851381
43.8406204336
137.2953021775
148.9295135291
131.4001522069
136.0294085851
108.7841900278
20.5912602820
19.0262975904
7.0710678119
8.6023252670
7.6157731059
5.0990195136
4.4721359550
4.0000000000
3.1622776602
5.6568542495
70.1141925718
12.1655250606
74.0000000000
157.7149327109
25.0199920064
132.3782459470
27.0185121722
100.0799680256
172.0523176246
118.3300469027
54.3323108288
60.8769250209
38.6264158317
111.8302284716
133.7011593069
120.8304597359
108.1572928655
66.0000000000
56.6038867923
140.7195793058
122.4418229201
87.6584280032
101.5480181983
59.0084739677
76.0263112350
63.5609943283
62.2896460096
24.2074368738
65.0076918526
178.0112356005
237.0653918226
145.1137484872
70.2566722810
31.7804971641
9.4868329805
20.2484567313
15.8113883008
45.6070170040
114.2365965880
180.4716044147
192.0104163841
158.1518257878
107.5174404457
55.9464029228
19.2353840617
7.0710678119
11.4017542510
17.2046505341
16.4924225025
16.4924225025
16.1245154966
18.9736659610
81.7435012707
0.0000000000
0.0000000000
132.9135057095
146.8196172179
44.3846820423
6.0000000000
5.8309518948
10.2956301410
12.7279220614
14.1421356237
14.0000000000
101.5184712257
171.9651127409
127.3106437027
74.0000000000
104.6231331972
129.0348790056
131.6054710109
146.6492413891
133.7535046270
75.1664818919
37.1214223865
22.1359436212
31.4006369362
41.1825205639
49.0917508345
50.0000000000
46.1735855225
37.9473319220
28.4253408071
14.5602197786
118.3384975399
186.6386883794
132.9661611088
115.3169545210
150.2331521336
152.6106156203
36.2215405525
23.0217288664
7.0710678119
5.0990195136
9.4868329805
11.0453610172
15.0332963784
16.1245154966
14.2126704036
10.2956301410
69.0072459963
11.4017542510
66.1211010193
186.6815470259
34.2052627530
160.3121954188
31.1448230048
107.0420478130
190.5150912658
135.8234147708
43.1045241245
71.5541752800
4.0000000000
81.4125297482
127.6322843171
137.3535583813
132.0984481362
106.9018241191
16.1245154966
87.7268487978
97.0978887515
48.7647413609
83.4865258590
38.4707681233
59.6154342432
56.0357029045
38.0788655293
9.8994949366
71.0633520178
143.5618333681
189.4465623863
191.4001044932
167.3559081718
127.2006289293
82.8613299435
60.0166643525
105.6882207249
169.8057713978
205.3533540023
184.3583467055
107.5174404457
43.1740662898
9.8994949366
8.0000000000
12.0000000000
13.3416640641
17.0880074906
23.7065391823
29.1204395571
34.0587727319
35.0142828000
34.9284983931
83.7735041645
0.0000000000
0.0000000000
147.6279106402
95.0789145920
12.0830459736
8.9442719100
7.2111025509
12.0830459736
12.0830459736
14.4222051019
36.0555127546
147.5127113167
155.7690598290
67.7790528113
29.7321374946
63.0079360081
92.0977741316
103.0048542545
139.0898989862
165.8010856418
115.3169545210
28.4253408071
46.2385120868
65.0691939400
58.8557558782
49.3963561409
30.3644529014
21.2602916255
22.8035085020
29.8328677804
52.6307894678
183.5755975069
190.5413340984
99.9599919968
99.0858213873
175.7270610919
180.0999722376
42.0475920833
23.1948270095
8.9442719100
5.0990195136
7.6157731059
12.0000000000
6.3245553203
7.6157731059
7.0710678119
12.0830459736
68.4105255059
20.0000000000
60.2992537267
205.2949098249
23.3238075794
181.0248601712
34.0587727319
110.0181803158
204.0392119177
151.0761397442
28.0000000000
88.2949602186
42.7551166529
56.5685424949
113.2254388377
146.4786673888
158.4739726264
143.5618333681
61.6116872030
56.0892146495
74.2428447731
12.7279220614
69.0072459963
38.2099463491
23.1948270095
32.2490309932
13.4164078650
31.6227766017
60.8769250209
84.7584804017
122.1474518768
159.4114174079
177.7245059073
180.9530325803
170.2057578345
168.0773631397
198.1161275616
192.4214125299
138.5712812959
57.7061521850
25.2982212813
49.5782210250
42.9418211072
44.7213595500
52.1536192416
59.4138031101
69.4262198308
83.6779540859
93.3809402394
99.0454441153
103.0048542545
104.3072384832
113.4636505670
0.0000000000
0.0000000000
124.2336508358
50.6951674225
8.9442719100
11.4017542510
7.6157731059
7.6157731059
11.0453610172
17.0293863659
49.0917508345
161.0279478848
141.0886246301
61.0081961707
28.6356421266
30.2324329157
68.3520299625
81.9878039711
137.9927534329
186.3169342813
123.9758040910
37.3630833845
58.1377674150
54.5710545986
63.0713881249
55.7314991724
30.8868904230
37.6563407675
42.4499705536
9.0553851381
123.4584950500
208.2018251601
160.6051057719
59.4810894319
99.3680028983
202.6326725876
191.0654338178
45.0111097397
21.5870331449
9.8994949366
12.6491106407
16.5529453572
20.8806130178
32.0624390838
48.0000000000
72.9931503636
103.5760590098
113.5957745693
76.4852927039
70.2566722810
210.0380917834
23.1948270095
185.0027026830
34.0000000000
109.0045870594
212.0000000000
163.1502375113
14.5602197786
100.7174264961
71.0633520178
29.5296461205
83.7376856618
130.3840481041
174.0114938732
180.0000000000
121.6059209085
77.8331548892
62.8012738724
18.8679622641
61.0737259384
42.4499705536
17.2046505341
29.1547594742
54.2033209315
70.0000000000
56.3027530410
21.2132034356
53.1413210223
114.2803570173
183.9836949297
221.3594362118
200.0249984377
153.3949151700
131.3697073149
73.5934779719
14.2126704036
70.2139587262
103.9422916815
110.5712440013
120.3328716519
136.6235704408
150.6519166821
160.6113321033
167.4514855115
170.3173508484
168.0773631397
165.0757401922
166.0481857775
170.1058493997
160.5615146914
0.0000000000
0.0000000000
97.4063652951
27.2029410175
4.2426406871
7.0710678119
7.0710678119
4.4721359550
9.0553851381
21.0237960416
41.7612260356
152.6106156203
150.8641773252
83.9523674473
35.0142828000
25.4950975680
55.4436651025
67.0671305484
145.9931505243
188.4091292905
105.0428484001
10.0000000000
42.7551166529
52.8015151298
72.1248916810
79.3095202356
75.2861208989
79.3095202356
32.0000000000
93.0591209931
189.4465623863
187.7711372922
112.6055060821
30.2654919008
105.9056183590
207.3933460842
202.9876843555
58.0344725142
29.0172362571
35.4682957019
65.2993108693
90.6200860737
114.2365965880
144.5337330868
174.5222048910
194.6484009695
192.8989372703
138.5207565674
143.6175476744
86.0000000000
208.1537893001
20.2484567313
181.0027624099
34.0587727319
108.0185169311
208.0384579831
162.7882059610
23.5372045919
100.8067458060
76.4198926982
5.0990195136
51.2445119013
89.1403387923
119.0378091196
121.6552506060
133.1540461270
143.0034964608
100.0199980004
65.0691939400
61.7413961617
45.4532727095
48.3735464898
67.6017751246
106.1508360777
125.1958465765
110.0181803158
75.1664818919
56.9209978830
121.2023102090
158.8584275385
189.0819927968
186.8689380288
75.2861208989
19.7989898732
68.7313611098
122.7762191957
154.6932448428
163.4135857265
168.2438706164
171.7323498937
167.1944975171
155.5442059352
142.5061402186
132.3706916202
120.8387355114
108.9036271205
104.0768946501
103.1212878120
103.0436800585
100.4489920308
0.0000000000
0.0000000000
87.0976463517
27.2029410175
22.6715680975
5.6568542495
4.4721359550
8.2462112512
12.8062484749
17.7200451467
21.6333076528
123.1665539016
167.7200047699
127.6244490684
68.0147042925
45.6070170040
96.6747123089
150.0733154162
202.7264166309
170.8800749064
77.8203058334
5.0990195136
62.6418390535
97.0978887515
86.8331733844
79.6241169496
98.2344135219
118.9621788637
41.5932686862
174.9285568454
201.1019641873
135.6244815658
62.7694193059
20.0000000000
96.8813707583
197.3119357768
219.3171219946
78.4346862045
70.4556598152
118.2285921425
163.3707440150
191.6715941396
203.2732151564
206.7123605400
203.6909423612
188.9391436415
153.0294089383
133.1240023437
204.2988007796
92.0217365626
204.0392119177
13.3416640641
175.0257123968
32.2490309932
101.1236866417
185.6071119327
154.7772593116
83.0541991714
104.8904190096
57.6888204074
23.0217288664
127.9140336320
206.1552812809
197.2257589667
106.0660171780
49.3963561409
125.1718818266
156.3201842374
154.8289378637
140.2355161862
120.2081528017
91.6624241442
92.5742944883
161.2203461105
204.1665986394
186.1182419861
171.4059508885
142.5552524462
122.8006514641
65.0538238692
84.0238061504
179.8054504179
128.0156240464
61.0573500899
84.1189633793
99.4886928249
92.1954445729
83.4505841801
75.0066663704
59.3969696197
35.3553390593
13.4164078650
12.0830459736
26.8328157300
28.4253408071
19.7989898732
10.0000000000
11.0453610172
24.6981780705
31.3049516850
0.0000000000
0.0000000000
87.1435597161
27.4590604355
26.4196896272
16.5529453572
5.0990195136
6.3245553203
11.6619037897
10.2956301410
6.3245553203
70.7248188403
152.2694979305
171.2658751766
146.5400969018
166.3790852241
225.0155550179
236.3260459619
198.0908882306
104.2017274329
11.0453610172
69.7710541700
124.7397290361
127.2792206136
85.0881895447
67.2309452559
111.0855526160
129.8075498575
74.0945342114
209.3131625101
164.6389990251
80.7093550959
26.8328157300
15.2970585408
76.9025357189
179.2930561957
218.9611837747
109.2245393673
143.1782106328
194.1648783895
200.0849819452
187.8776197422
166.8652150689
146.3215636877
124.4588285338
95.0052630121
74.4043009510
159.8123900078
234.0000000000
91.1372591205
202.0396000788
4.4721359550
170.2938636593
24.7386337537
78.1024967591
150.3063538244
152.7612516314
119.5073219514
93.5200513259
36.0555127546
90.4765162901
227.4818674093
258.8358553215
202.4104740373
175.2312757472
185.6017241299
118.8780888137
72.2495674728
160.8539710421
212.6076198070
212.6640543204
146.8196172179
91.1811384004
183.1993449770
195.0640920313
129.2749008895
220.8393080953
183.0245885120
124.4025723207
44.9444101085
74.7930478053
185.5855597831
161.2079402511
44.3846820423
29.1204395571
60.8111831820
85.8836422143
109.7724920005
126.5306287031
131.6054710109
124.5792920192
122.1883791528
119.9416524815
113.9912277327
104.4030650891
89.2860571422
78.6384130054
79.5110055275
95.6033472217
101.6070863670
0.0000000000
0.0000000000
94.8683298051
70.7672240518
19.2353840617
18.0000000000
5.8309518948
10.1980390272
16.4924225025
15.6204993518
15.0332963784
32.2490309932
95.1314879522
153.5252422242
156.5183695289
203.2732151564
208.2018251601
151.4331535695
82.8009661779
23.5372045919
108.4066418629
168.2379267585
183.3575741550
140.0142849855
81.2157620170
63.7808748764
123.4908903523
114.2365965880
113.1459234794
201.7771047468
116.7647206994
40.2243707222
7.2111025509
10.0000000000
57.7061521850
149.9066376115
186.0430057809
141.0390016981
187.6272901259
205.0658430846
153.4470592745
106.9298835686
77.8845299145
57.2712842531
33.3766385366
38.0000000000
100.6479011207
189.6154002184
217.7016306783
83.7257427557
199.1230775174
8.9442719100
160.3121954188
33.9411254970
52.0000000000
86.8331733844
88.5098864534
59.4810894319
29.1547594742
43.9317652730
169.0088755066
266.6608332695
206.6204249342
92.9623579735
109.8089249560
200.4195599237
217.7062240727
124.4025723207
43.5660418216
56.5154846038
136.1249426079
138.1955136754
22.8035085020
167.0269439342
155.0290295396
123.1665539016
256.1952380510
154.4344521148
90.2108640908
123.1015840678
186.5314986805
224.8644035858
138.8524396617
18.9736659610
19.0262975904
43.6806593357
66.7083203206
90.2441133814
113.0309692076
131.4686274364
137.6154061143
131.3087963542
117.2092146548
111.0045044131
117.0469991072
121.2765434864
118.8276062201
113.3578404875
115.7410903698
105.7733425774
0.0000000000
0.0000000000
94.4033897696
110.3902169578
56.6392090340
22.1359436212
40.7921561087
34.2052627530
31.0483493925
24.1660919472
22.3606797750
28.0000000000
47.4341649025
103.5857133006
131.0038167383
139.9428454763
87.9659024850
54.9181208710
12.8062484749
105.6882207249
178.4040358288
187.6272901259
165.1968522703
126.2537128167
92.3579991122
83.7615663655
126.3724653554
83.7376856618
136.4990842460
167.7200047699
74.2428447731
14.4222051019
4.2426406871
11.4017542510
46.1735855225
107.4895343743
128.2263623441
126.5701386584
161.2079402511
147.8986139218
77.8331548892
35.4682957019
14.7648230602
7.0710678119
41.4004830890
105.4229576515
191.8019812202
208.3698634640
155.6534612529
63.9531078213
193.0025906562
20.0997512422
131.9393800198
116.0172400982
162.6898890528
173.2974321795
147.3634961583
109.4897255454
81.4984662432
104.7377677822
217.8485712599
257.5033980358
157.4865073586
41.5932686862
49.6588360717
130.1460717809
181.8185909086
172.2846481843
170.4171352887
155.6663097783
140.9113196305
146.8604780055
51.7880295049
165.0757401922
149.3452376208
126.6491215919
219.3855054465
97.4166310237
146.8740957419
237.6972864801
306.2319382429
281.1547616527
170.0000000000
97.7547952788
46.3249392876
17.4928556845
1.4142135624
9.4868329805
23.4093998214
40.4969134626
49.8196748283
50.0000000000
46.0434577329
52.4976189936
68.3081254318
81.7435012707
85.5102333057
79.0063288604
74.3236167042
69.6562990691
0.0000000000
0.0000000000
56.0357029045
99.6393496566
120.0749765771
81.6088230524
86.5794432877
87.6584280032
76.5767588763
48.7031826475
17.8885438200
26.0000000000
59.6154342432
108.1665382639
132.1362932733
101.2027667606
65.8027355054
56.3027530410
31.6227766017
153.1600470097
211.7404071027
150.9039429571
95.0157881618
72.4430811051
89.8109124773
113.2254388377
134.1118935814
92.3471710449
134.7145129524
116.7304587501
39.9249295554
0.0000000000
11.4017542510
21.2132034356
47.8539444560
64.1248781675
58.1377674150
70.7106781187
97.7445650663
81.4370922860
34.2052627530
10.1980390272
8.0000000000
16.1245154966
61.4003257320
154.9451515860
238.0462140006
159.8624408671
69.3541635376
45.0998891351
186.0107523774
34.0587727319
82.0975030071
204.3526363911
241.9628070593
251.4318993286
223.1098384205
171.4701140141
118.4567431597
126.3724653554
234.3416309579
225.8495074159
112.4010676106
25.8069758011
31.7804971641
85.4400374532
123.9758040910
107.4150827398
103.0048542545
125.2517464948
123.9677377385
97.7445650663
15.8113883008
159.1540134587
144.6789549313
107.2007462661
182.2800043889
102.0196059589
200.6888138387
273.7663237142
311.7081968765
265.3450583674
225.6235803279
186.7029726598
119.5407880181
64.8999229584
31.3049516850
18.4390889146
15.0332963784
13.9283882772
10.7703296143
7.0710678119
7.2111025509
6.3245553203
10.0000000000
18.6010752377
20.0000000000
11.6619037897
20.3960780544
54.0370243444
0.0000000000
0.0000000000
21.2132034356
92.0217365626
183.1993449770
127.6244490684
87.1435597161
112.7297653683
127.9140336320
101.2027667606
62.4819974073
83.0060238778
109.1787525116
99.3277403347
77.7817459305
64.4980619864
62.8012738724
45.5411901469
49.4772675074
166.0120477556
234.0769104376
141.1736519326
42.0475920833
22.3606797750
58.0517010948
104.7377677822
140.3566884762
115.7324500734
93.8616002421
62.6258732474
22.3606797750
10.2956301410
22.6715680975
41.0121933088
66.6033032214
56.6392090340
19.6468827044
21.0237960416
53.2353266168
55.0817574157
33.1058907145
20.3960780544
47.4130783645
77.0064932327
112.8007092176
214.2335174523
246.4345754962
68.9637585983
7.2111025509
43.0116263352
180.0999722376
40.5215991787
17.0293863659
236.9345901298
184.3583467055
115.5508546052
94.9210198007
94.8683298051
57.9827560573
125.9364919314
229.5386677665
174.0402252354
68.3081254318
10.1980390272
23.0217288664
60.5309838017
101.9803902719
95.0368349641
42.4264068712
23.7065391823
29.9666481275
20.0997512422
45.8039299624
164.0000000000
145.9109317358
94.2443632267
157.5626859380
94.4033897696
240.5077961314
268.9312179722
211.6317556512
130.0615239031
165.8553586713
210.2046621747
194.6124353683
135.4178717895
71.4002801115
31.3049516850
21.0237960416
22.3606797750
21.0237960416
20.0000000000
19.2353840617
18.1107702763
19.6468827044
24.4131112315
25.6124969497
25.4950975680
31.7804971641
60.4152298680
0.0000000000
0.0000000000
24.0000000000
160.7046981267
245.0877393914
147.4109900923
101.6366075782
119.5491530710
176.4652940382
187.5793165570
114.0613869809
92.6606712689
74.0945342114
29.8328677804
25.6124969497
22.1359436212
19.6468827044
22.0907220344
68.2495421230
143.0034964608
228.6000874890
162.4315240340
46.1735855225
5.8309518948
23.3238075794
56.5685424949
95.0157881618
86.2670273048
29.0172362571
28.4604989415
27.7848879789
33.5261092285
50.4777178565
75.2861208989
97.9489663039
83.4865258590
72.5672102261
70.2281994643
79.6492310070
78.2304288624
60.0000000000
86.4522989862
123.8224535373
116.0172400982
155.4155719354
267.6191323504
261.2049004134
94.3398113206
47.2016948848
54.0370243444
184.0434731252
26.5706605112
55.2268050859
261.8740155113
208.8492279133
94.8683298051
81.8413098624
96.0416576283
1.4142135624
154.9838701285
196.4688270439
113.1105653774
49.8196748283
46.0434577329
50.6951674225
54.0370243444
84.8528137424
99.1261822124
42.7551166529
5.0990195136
4.4721359550
5.8309518948
43.0116263352
162.7882059610
142.2251735805
84.2140130857
139.0323703315
86.3712915268
253.5507838678
187.7232004841
54.2033209315
14.0000000000
48.7647413609
118.0677771452
166.1926592843
160.4306703844
111.2115101957
47.4341649025
8.2462112512
12.8062484749
17.2626765016
21.0237960416
21.0237960416
20.0997512422
20.8806130178
23.0217288664
24.0831891576
27.0185121722
27.8926513620
55.5697759578
0.0000000000
0.0000000000
0.0000000000
0.0000000000
0.0000000000
0.0000000000
0.0000000000
0.0000000000
0.0000000000
0.0000000000
0.0000000000
0.0000000000
0.0000000000
0.0000000000
0.0000000000
0.0000000000
0.0000000000
0.0000000000
0.0000000000
0.0000000000
0.0000000000
0.0000000000
0.0000000000
0.0000000000
0.0000000000
0.0000000000
0.0000000000
0.0000000000
0.0000000000
0.0000000000
0.0000000000
0.0000000000
0.0000000000
0.0000000000
0.0000000000
0.0000000000
0.0000000000
0.0000000000
0.0000000000
0.0000000000
0.0000000000
0.0000000000
0.0000000000
0.0000000000
0.0000000000
0.0000000000
0.0000000000
0.0000000000
0.0000000000
0.0000000000
0.0000000000
0.0000000000
0.0000000000
0.0000000000
0.0000000000
0.0000000000
0.0000000000
0.0000000000
0.0000000000
0.0000000000
0.0000000000
0.0000000000
0.0000000000
0.0000000000
0.0000000000
0.0000000000
0.0000000000
0.0000000000
0.0000000000
0.0000000000
0.0000000000
0.0000000000
0.0000000000
0.0000000000
0.0000000000
0.0000000000
0.0000000000
0.0000000000
0.0000000000
0.0000000000
0.0000000000
0.0000000000
0.0000000000
0.0000000000
0.0000000000
0.0000000000
0.0000000000
0.0000000000
0.0000000000
0.0000000000
0.0000000000
0.0000000000
0.0000000000
0.0000000000
0.0000000000
0.0000000000
0.0000000000
0.0000000000
0.0000000000
0.0000000000
0.0000000000
